<?xml version="1.0" encoding="UTF-8"?>
<!-- Created with TexturePacker http://www.codeandweb.com/texturepacker-->
<!-- $TexturePacker:SmartUpdate:6c7974c6528ca8f6730f6070815d52a1:1/1$ -->
<TextureAtlas imagePath="cross.png">
    <SubTexture name="X0001" x="197" y="1409" width="1" height="1" frameX="0" frameY="0" frameWidth="225" frameHeight="209"/>
    <SubTexture name="X0002" x="2" y="1888" width="101" height="77" frameX="0" frameY="0" frameWidth="225" frameHeight="209"/>
    <SubTexture name="X0003" x="2" y="1769" width="153" height="117" frameX="0" frameY="0" frameWidth="225" frameHeight="209"/>
    <SubTexture name="X0004" x="2" y="1606" width="181" height="161" frameX="0" frameY="0" frameWidth="225" frameHeight="209"/>
    <SubTexture name="X0005" x="2" y="1409" width="193" height="195" frameX="0" frameY="0" frameWidth="225" frameHeight="209"/>
    <SubTexture name="X0006" x="2" y="1212" width="225" height="195" frameX="0" frameY="0" frameWidth="225" frameHeight="209"/>
    <SubTexture name="X0007" x="2" y="1015" width="225" height="195" frameX="0" frameY="0" frameWidth="225" frameHeight="209"/>
    <SubTexture name="X0008" x="2" y="818" width="225" height="195" frameX="0" frameY="0" frameWidth="225" frameHeight="209"/>
    <SubTexture name="X0009" x="2" y="621" width="225" height="195" frameX="0" frameY="0" frameWidth="225" frameHeight="209"/>
    <SubTexture name="X0010" x="2" y="424" width="225" height="195" frameX="0" frameY="0" frameWidth="225" frameHeight="209"/>
    <SubTexture name="X0011" x="2" y="213" width="225" height="209"/>
    <SubTexture name="X0012" x="2" y="213" width="225" height="209"/>
    <SubTexture name="X0013" x="2" y="213" width="225" height="209"/>
    <SubTexture name="X0014" x="2" y="213" width="225" height="209"/>
    <SubTexture name="X0015" x="2" y="2" width="225" height="209"/>
</TextureAtlas>
