<?xml version="1.0" encoding="UTF-8"?>
<!-- Created with TexturePacker http://texturepacker.com-->
<!-- $TexturePacker:SmartUpdate:fe2a422305f0051feda83a4388075760$ -->
<TextureAtlas imagePath="blocks.png">
    <SubTexture name="01" x="385" y="63" width="58" height="62" frameX="-5" frameY="-1" frameWidth="68" frameHeight="68"/>
    <SubTexture name="02" x="69" y="127" width="58" height="62" frameX="-5" frameY="-5" frameWidth="68" frameHeight="68"/>
    <SubTexture name="03" x="169" y="1" width="62" height="58" frameX="-1" frameY="-5" frameWidth="68" frameHeight="68"/>
    <SubTexture name="04" x="233" y="1" width="62" height="58" frameX="-5" frameY="-5" frameWidth="68" frameHeight="68"/>
    <SubTexture name="05" x="257" y="63" width="62" height="62" frameX="-1" frameY="-1" frameWidth="68" frameHeight="68"/>
    <SubTexture name="06" x="321" y="63" width="62" height="62" frameX="-5" frameY="-1" frameWidth="68" frameHeight="68"/>
    <SubTexture name="07" x="193" y="63" width="62" height="62" frameX="-1" frameY="-5" frameWidth="68" frameHeight="68"/>
    <SubTexture name="08" x="129" y="63" width="62" height="62" frameX="-5" frameY="-5" frameWidth="68" frameHeight="68"/>
    <SubTexture name="09" x="133" y="261" width="58" height="66" frameX="-5" frameY="-1" frameWidth="68" frameHeight="68"/>
    <SubTexture name="10" x="41" y="1" width="66" height="58" frameX="-1" frameY="-5" frameWidth="68" frameHeight="68"/>
    <SubTexture name="11" x="129" y="127" width="66" height="62" frameX="-1" frameY="-1" frameWidth="68" frameHeight="68"/>
    <SubTexture name="12" x="1" y="127" width="66" height="62" frameX="-1" frameY="-5" frameWidth="68" frameHeight="68"/>
    <SubTexture name="13" x="327" y="193" width="62" height="66" frameX="-1" frameY="-1" frameWidth="68" frameHeight="68"/>
    <SubTexture name="14" x="69" y="261" width="62" height="66" frameX="-5" frameY="-1" frameWidth="68" frameHeight="68"/>
    <SubTexture name="15" x="1" y="261" width="66" height="66" frameX="-1" frameY="-1" frameWidth="68" frameHeight="68"/>
    <SubTexture name="block" x="109" y="1" width="58" height="58" frameX="-5" frameY="-5" frameWidth="68" frameHeight="68"/>
    <SubTexture name="lock_01" x="21" y="1" width="8" height="8" frameX="-5" frameY="-5" frameWidth="68" frameHeight="68"/>
    <SubTexture name="lock_02" x="1" y="1" width="8" height="8" frameX="-55" frameY="-5" frameWidth="68" frameHeight="68"/>
    <SubTexture name="lock_03" x="31" y="1" width="8" height="8" frameX="-5" frameY="-55" frameWidth="68" frameHeight="68"/>
    <SubTexture name="lock_04" x="11" y="1" width="8" height="8" frameX="-55" frameY="-55" frameWidth="68" frameHeight="68"/>
    <SubTexture name="shadows/block_shadow0001" x="265" y="193" width="60" height="64" frameX="-6" frameY="-2" frameWidth="72" frameHeight="72"/>
    <SubTexture name="shadows/block_shadow0002" x="203" y="193" width="60" height="64" frameX="-6" frameY="-6" frameWidth="72" frameHeight="72"/>
    <SubTexture name="shadows/block_shadow0003" x="1" y="63" width="64" height="60" frameX="-2" frameY="-6" frameWidth="72" frameHeight="72"/>
    <SubTexture name="shadows/block_shadow0004" x="367" y="1" width="64" height="60" frameX="-6" frameY="-6" frameWidth="72" frameHeight="72"/>
    <SubTexture name="shadows/block_shadow0005" x="137" y="193" width="64" height="64" frameX="-2" frameY="-2" frameWidth="72" frameHeight="72"/>
    <SubTexture name="shadows/block_shadow0006" x="197" y="127" width="64" height="64" frameX="-6" frameY="-2" frameWidth="72" frameHeight="72"/>
    <SubTexture name="shadows/block_shadow0007" x="71" y="193" width="64" height="64" frameX="-2" frameY="-6" frameWidth="72" frameHeight="72"/>
    <SubTexture name="shadows/block_shadow0008" x="333" y="127" width="64" height="64" frameX="-6" frameY="-6" frameWidth="72" frameHeight="72"/>
    <SubTexture name="shadows/block_shadow0009" x="395" y="261" width="60" height="68" frameX="-6" frameY="-2" frameWidth="72" frameHeight="72"/>
    <SubTexture name="shadows/block_shadow0010" x="297" y="1" width="68" height="60" frameX="-2" frameY="-6" frameWidth="72" frameHeight="72"/>
    <SubTexture name="shadows/block_shadow0011" x="1" y="193" width="68" height="64" frameX="-2" frameY="-2" frameWidth="72" frameHeight="72"/>
    <SubTexture name="shadows/block_shadow0012" x="263" y="127" width="68" height="64" frameX="-2" frameY="-6" frameWidth="72" frameHeight="72"/>
    <SubTexture name="shadows/block_shadow0013" x="329" y="261" width="64" height="68" frameX="-2" frameY="-2" frameWidth="72" frameHeight="72"/>
    <SubTexture name="shadows/block_shadow0014" x="263" y="261" width="64" height="68" frameX="-6" frameY="-2" frameWidth="72" frameHeight="72"/>
    <SubTexture name="shadows/block_shadow0015" x="193" y="261" width="68" height="68" frameX="-2" frameY="-2" frameWidth="72" frameHeight="72"/>
    <SubTexture name="shadows/block_shadow0016" x="67" y="63" width="60" height="60" frameX="-6" frameY="-6" frameWidth="72" frameHeight="72"/>
</TextureAtlas>
