<?xml version="1.0" encoding="UTF-8"?>
<!-- Created with TexturePacker http://texturepacker.com-->
<!-- $TexturePacker:SmartUpdate:54607f1aa9642ddfb26b37d214ee496b$ -->
<TextureAtlas imagePath="boom.png">
    <SubTexture name="boom0001" x="0" y="121" width="1" height="1" frameX="0" frameY="0" frameWidth="112" frameHeight="98"/>
    <SubTexture name="boom0003" x="154" y="86" width="28" height="28" frameX="-42" frameY="-34" frameWidth="112" frameHeight="98"/>
    <SubTexture name="boom0005" x="627" y="31" width="28" height="30" frameX="-42" frameY="-33" frameWidth="112" frameHeight="98"/>
    <SubTexture name="boom0007" x="627" y="0" width="28" height="30" frameX="-42" frameY="-33" frameWidth="112" frameHeight="98"/>
    <SubTexture name="boom0009" x="446" y="0" width="60" height="60" frameX="-26" frameY="-18" frameWidth="112" frameHeight="98"/>
    <SubTexture name="boom0011" x="412" y="61" width="58" height="58" frameX="-27" frameY="-19" frameWidth="112" frameHeight="98"/>
    <SubTexture name="boom0013" x="353" y="57" width="58" height="58" frameX="-27" frameY="-19" frameWidth="112" frameHeight="98"/>
    <SubTexture name="boom0015" x="296" y="66" width="56" height="56" frameX="-28" frameY="-20" frameWidth="112" frameHeight="98"/>
    <SubTexture name="boom0017" x="306" y="0" width="70" height="56" frameX="-21" frameY="-20" frameWidth="112" frameHeight="98"/>
    <SubTexture name="boom0021" x="377" y="0" width="68" height="56" frameX="-16" frameY="-20" frameWidth="112" frameHeight="98"/>
    <SubTexture name="boom0023" x="235" y="0" width="70" height="56" frameX="-20" frameY="-20" frameWidth="112" frameHeight="98"/>
    <SubTexture name="boom0025" x="235" y="66" width="60" height="56" frameX="-25" frameY="-21" frameWidth="112" frameHeight="98"/>
    <SubTexture name="boom0027" x="471" y="65" width="58" height="54" frameX="-26" frameY="-21" frameWidth="112" frameHeight="98"/>
    <SubTexture name="boom0029" x="530" y="65" width="54" height="54" frameX="-29" frameY="-21" frameWidth="112" frameHeight="98"/>
    <SubTexture name="boom0031" x="585" y="63" width="54" height="56" frameX="-30" frameY="-19" frameWidth="112" frameHeight="98"/>
    <SubTexture name="boom0033" x="507" y="0" width="60" height="64" frameX="-27" frameY="-16" frameWidth="112" frameHeight="98"/>
    <SubTexture name="boom0035" x="162" y="0" width="72" height="76" frameX="-20" frameY="-10" frameWidth="112" frameHeight="98"/>
    <SubTexture name="boom0037" x="0" y="0" width="84" height="86" frameX="-14" frameY="-6" frameWidth="112" frameHeight="98"/>
    <SubTexture name="boom0039" x="85" y="0" width="76" height="76" frameX="-18" frameY="-10" frameWidth="112" frameHeight="98"/>
    <SubTexture name="boom0041" x="568" y="0" width="58" height="62" frameX="-27" frameY="-17" frameWidth="112" frameHeight="98"/>
    <SubTexture name="boom0043" x="186" y="77" width="46" height="38" frameX="-32" frameY="-29" frameWidth="112" frameHeight="98"/>
    <SubTexture name="boom0045" x="0" y="98" width="56" height="22" frameX="-28" frameY="-37" frameWidth="112" frameHeight="98"/>
    <SubTexture name="boom0047" x="85" y="86" width="68" height="10" frameX="-22" frameY="-43" frameWidth="112" frameHeight="98"/>
    <SubTexture name="boom0049" x="0" y="87" width="78" height="10" frameX="-17" frameY="-43" frameWidth="112" frameHeight="98"/>
    <SubTexture name="boom0051" x="235" y="57" width="88" height="8" frameX="-13" frameY="-44" frameWidth="112" frameHeight="98"/>
    <SubTexture name="boom0053" x="85" y="77" width="100" height="8" frameX="-7" frameY="-44" frameWidth="112" frameHeight="98"/>
</TextureAtlas>
