<?xml version="1.0" encoding="UTF-8"?>
<!-- Created with TexturePacker http://texturepacker.com-->
<!-- $TexturePacker:SmartUpdate:5347d201b66e8674bb7b31d70d6cd2cd$ -->
<TextureAtlas imagePath="elements.png">
    <SubTexture name="ball_01" x="961" y="1" width="28" height="30" frameX="-15" frameY="-14" frameWidth="58" frameHeight="58"/>
    <SubTexture name="ball_02" x="30" y="38" width="28" height="30" frameX="-15" frameY="-14" frameWidth="58" frameHeight="58"/>
    <SubTexture name="ball_03" x="729" y="1" width="28" height="30" frameX="-15" frameY="-14" frameWidth="58" frameHeight="58"/>
    <SubTexture name="ball_04" x="874" y="1" width="28" height="30" frameX="-15" frameY="-14" frameWidth="58" frameHeight="58"/>
    <SubTexture name="ball_05" x="700" y="1" width="28" height="30" frameX="-15" frameY="-14" frameWidth="58" frameHeight="58"/>
    <SubTexture name="ball_06" x="787" y="1" width="28" height="30" frameX="-15" frameY="-14" frameWidth="58" frameHeight="58"/>
    <SubTexture name="ball_07" x="816" y="1" width="28" height="30" frameX="-15" frameY="-14" frameWidth="58" frameHeight="58"/>
    <SubTexture name="ball_08" x="903" y="1" width="28" height="30" frameX="-15" frameY="-14" frameWidth="58" frameHeight="58"/>
    <SubTexture name="ball_light" x="355" y="38" width="40" height="38" frameX="-1" frameY="-1" frameWidth="44" frameHeight="40"/>
    <SubTexture name="ball_shadow" x="60" y="97" width="64" height="64" frameX="-4" frameY="-4" frameWidth="72" frameHeight="72"/>
    <SubTexture name="block_light" x="305" y="1" width="22" height="4" frameX="-6" frameY="-1" frameWidth="34" frameHeight="34"/>
    <SubTexture name="block_lightup" x="328" y="1" width="23" height="2"/>
    <SubTexture name="elevator" x="125" y="97" width="66" height="66" frameX="-1" frameY="-1" frameWidth="68" frameHeight="68"/>
    <SubTexture name="elevator_light" x="396" y="38" width="54" height="52" frameX="-1" frameY="-3" frameWidth="58" frameHeight="58"/>
    <SubTexture name="elevator_shadow" x="192" y="97" width="68" height="68" frameX="-2" frameY="-2" frameWidth="72" frameHeight="72"/>
    <SubTexture name="nav_blue_01" x="158" y="1" width="20" height="20" frameX="-19" frameY="-19" frameWidth="58" frameHeight="58"/>
    <SubTexture name="nav_blue_02" x="1" y="1" width="16" height="16" frameX="-21" frameY="-21" frameWidth="58" frameHeight="58"/>
    <SubTexture name="nav_blue_03" x="845" y="1" width="28" height="36" frameX="-18" frameY="-11" frameWidth="58" frameHeight="58"/>
    <SubTexture name="nav_blue_04" x="758" y="1" width="28" height="36" frameX="-12" frameY="-11" frameWidth="58" frameHeight="58"/>
    <SubTexture name="nav_blue_05" x="318" y="38" width="36" height="28" frameX="-11" frameY="-18" frameWidth="58" frameHeight="58"/>
    <SubTexture name="nav_blue_06" x="699" y="97" width="87" height="87"/>
    <SubTexture name="nav_gray_01" x="179" y="1" width="20" height="20" frameX="-19" frameY="-19" frameWidth="58" frameHeight="58"/>
    <SubTexture name="nav_gray_02" x="52" y="1" width="16" height="16" frameX="-21" frameY="-21" frameWidth="58" frameHeight="58"/>
    <SubTexture name="nav_gray_03" x="1" y="38" width="28" height="36" frameX="-18" frameY="-11" frameWidth="58" frameHeight="58"/>
    <SubTexture name="nav_gray_04" x="932" y="1" width="28" height="36" frameX="-12" frameY="-11" frameWidth="58" frameHeight="58"/>
    <SubTexture name="nav_gray_05" x="170" y="38" width="36" height="28" frameX="-11" frameY="-18" frameWidth="58" frameHeight="58"/>
    <SubTexture name="nav_gray_06" x="261" y="97" width="85" height="85" frameX="-1" frameY="-1" frameWidth="87" frameHeight="87"/>
    <SubTexture name="nav_green_01" x="221" y="1" width="20" height="20" frameX="-19" frameY="-19" frameWidth="58" frameHeight="58"/>
    <SubTexture name="nav_green_02" x="86" y="1" width="16" height="16" frameX="-21" frameY="-21" frameWidth="58" frameHeight="58"/>
    <SubTexture name="nav_green_03" x="381" y="1" width="28" height="36" frameX="-18" frameY="-11" frameWidth="58" frameHeight="58"/>
    <SubTexture name="nav_green_04" x="352" y="1" width="28" height="36" frameX="-12" frameY="-11" frameWidth="58" frameHeight="58"/>
    <SubTexture name="nav_green_05" x="281" y="38" width="36" height="28" frameX="-11" frameY="-18" frameWidth="58" frameHeight="58"/>
    <SubTexture name="nav_green_06" x="523" y="97" width="87" height="87"/>
    <SubTexture name="nav_orange_01" x="263" y="1" width="20" height="20" frameX="-19" frameY="-19" frameWidth="58" frameHeight="58"/>
    <SubTexture name="nav_orange_02" x="35" y="1" width="16" height="16" frameX="-21" frameY="-21" frameWidth="58" frameHeight="58"/>
    <SubTexture name="nav_orange_03" x="497" y="1" width="28" height="36" frameX="-18" frameY="-11" frameWidth="58" frameHeight="58"/>
    <SubTexture name="nav_orange_04" x="671" y="1" width="28" height="36" frameX="-12" frameY="-11" frameWidth="58" frameHeight="58"/>
    <SubTexture name="nav_orange_05" x="207" y="38" width="36" height="28" frameX="-11" frameY="-18" frameWidth="58" frameHeight="58"/>
    <SubTexture name="nav_orange_06" x="787" y="97" width="87" height="87"/>
    <SubTexture name="nav_pink_01" x="200" y="1" width="20" height="20" frameX="-19" frameY="-19" frameWidth="58" frameHeight="58"/>
    <SubTexture name="nav_pink_02" x="120" y="1" width="16" height="16" frameX="-21" frameY="-21" frameWidth="58" frameHeight="58"/>
    <SubTexture name="nav_pink_03" x="584" y="1" width="28" height="36" frameX="-18" frameY="-11" frameWidth="58" frameHeight="58"/>
    <SubTexture name="nav_pink_04" x="410" y="1" width="28" height="36" frameX="-12" frameY="-11" frameWidth="58" frameHeight="58"/>
    <SubTexture name="nav_pink_05" x="244" y="38" width="36" height="28" frameX="-11" frameY="-18" frameWidth="58" frameHeight="58"/>
    <SubTexture name="nav_pink_06" x="435" y="97" width="87" height="87"/>
    <SubTexture name="nav_purple_01" x="137" y="1" width="20" height="20" frameX="-19" frameY="-19" frameWidth="58" frameHeight="58"/>
    <SubTexture name="nav_purple_02" x="69" y="1" width="16" height="16" frameX="-21" frameY="-21" frameWidth="58" frameHeight="58"/>
    <SubTexture name="nav_purple_03" x="613" y="1" width="28" height="36" frameX="-18" frameY="-11" frameWidth="58" frameHeight="58"/>
    <SubTexture name="nav_purple_04" x="555" y="1" width="28" height="36" frameX="-12" frameY="-11" frameWidth="58" frameHeight="58"/>
    <SubTexture name="nav_purple_05" x="96" y="38" width="36" height="28" frameX="-11" frameY="-18" frameWidth="58" frameHeight="58"/>
    <SubTexture name="nav_purple_06" x="347" y="97" width="87" height="87"/>
    <SubTexture name="nav_red_01" x="242" y="1" width="20" height="20" frameX="-19" frameY="-19" frameWidth="58" frameHeight="58"/>
    <SubTexture name="nav_red_02" x="18" y="1" width="16" height="16" frameX="-21" frameY="-21" frameWidth="58" frameHeight="58"/>
    <SubTexture name="nav_red_03" x="526" y="1" width="28" height="36" frameX="-18" frameY="-11" frameWidth="58" frameHeight="58"/>
    <SubTexture name="nav_red_04" x="468" y="1" width="28" height="36" frameX="-12" frameY="-11" frameWidth="58" frameHeight="58"/>
    <SubTexture name="nav_red_05" x="133" y="38" width="36" height="28" frameX="-11" frameY="-18" frameWidth="58" frameHeight="58"/>
    <SubTexture name="nav_red_06" x="875" y="97" width="87" height="87"/>
    <SubTexture name="nav_yellow_01" x="284" y="1" width="20" height="20" frameX="-19" frameY="-19" frameWidth="58" frameHeight="58"/>
    <SubTexture name="nav_yellow_02" x="103" y="1" width="16" height="16" frameX="-21" frameY="-21" frameWidth="58" frameHeight="58"/>
    <SubTexture name="nav_yellow_03" x="439" y="1" width="28" height="36" frameX="-18" frameY="-11" frameWidth="58" frameHeight="58"/>
    <SubTexture name="nav_yellow_04" x="642" y="1" width="28" height="36" frameX="-12" frameY="-11" frameWidth="58" frameHeight="58"/>
    <SubTexture name="nav_yellow_05" x="59" y="38" width="36" height="28" frameX="-11" frameY="-18" frameWidth="58" frameHeight="58"/>
    <SubTexture name="nav_yellow_06" x="611" y="97" width="87" height="87"/>
    <SubTexture name="rot01" x="1" y="97" width="58" height="58"/>
    <SubTexture name="rot02" x="569" y="38" width="58" height="58"/>
    <SubTexture name="rot03" x="628" y="38" width="58" height="58"/>
    <SubTexture name="rot04" x="746" y="38" width="58" height="58"/>
    <SubTexture name="rot05" x="923" y="38" width="58" height="58"/>
    <SubTexture name="rot06" x="805" y="38" width="58" height="58"/>
    <SubTexture name="rot07" x="451" y="38" width="58" height="58"/>
    <SubTexture name="rot08" x="864" y="38" width="58" height="58"/>
    <SubTexture name="rot09" x="687" y="38" width="58" height="58"/>
    <SubTexture name="rot10" x="510" y="38" width="58" height="58"/>
</TextureAtlas>
