<?xml version="1.0" encoding="UTF-8"?>
<!-- Created with TexturePacker http://texturepacker.com-->
<!-- $TexturePacker:SmartUpdate:7375dd564e6ab3280a0b4e742b40b90b$ -->
<TextureAtlas imagePath="levelSelect.png">
    <SubTexture name="lvl-bar1" x="1" y="1" width="74" height="76"/>
    <SubTexture name="lvl-bar10" x="76" y="1" width="74" height="76"/>
    <SubTexture name="lvl-bar11" x="151" y="1" width="74" height="76"/>
    <SubTexture name="lvl-bar12" x="226" y="1" width="74" height="76"/>
    <SubTexture name="lvl-bar13" x="301" y="1" width="74" height="76"/>
    <SubTexture name="lvl-bar14" x="376" y="1" width="74" height="76"/>
    <SubTexture name="lvl-bar15" x="451" y="1" width="74" height="76"/>
    <SubTexture name="lvl-bar16" x="526" y="1" width="74" height="76"/>
    <SubTexture name="lvl-bar17" x="601" y="1" width="74" height="76"/>
    <SubTexture name="lvl-bar18" x="676" y="1" width="74" height="76"/>
    <SubTexture name="lvl-bar19" x="751" y="1" width="74" height="76"/>
    <SubTexture name="lvl-bar2" x="826" y="1" width="74" height="76"/>
    <SubTexture name="lvl-bar20" x="901" y="1" width="74" height="76"/>
    <SubTexture name="lvl-bar3" x="976" y="1" width="74" height="76"/>
    <SubTexture name="lvl-bar4" x="1051" y="1" width="74" height="76"/>
    <SubTexture name="lvl-bar5" x="1126" y="1" width="74" height="76"/>
    <SubTexture name="lvl-bar6" x="1201" y="1" width="74" height="76"/>
    <SubTexture name="lvl-bar7" x="1276" y="1" width="74" height="76"/>
    <SubTexture name="lvl-bar8" x="1351" y="1" width="74" height="76"/>
    <SubTexture name="lvl-bar9" x="1426" y="1" width="74" height="76"/>
    <SubTexture name="num0" x="1501" y="1" width="20" height="32"/>
    <SubTexture name="num1" x="1522" y="1" width="14" height="32"/>
    <SubTexture name="num2" x="1537" y="1" width="20" height="32"/>
    <SubTexture name="num3" x="1558" y="1" width="20" height="32"/>
    <SubTexture name="num4" x="1579" y="1" width="20" height="32"/>
    <SubTexture name="num5" x="1600" y="1" width="20" height="32"/>
    <SubTexture name="num6" x="1621" y="1" width="20" height="32"/>
    <SubTexture name="num7" x="1642" y="1" width="20" height="32"/>
    <SubTexture name="num8" x="1663" y="1" width="20" height="32"/>
    <SubTexture name="num9" x="1684" y="1" width="20" height="32"/>
    <SubTexture name="numLock" x="1705" y="1" width="26" height="38"/>
    <SubTexture name="pop_01" x="1732" y="1" width="20" height="20"/>
    <SubTexture name="pop_02" x="1753" y="1" width="20" height="20"/>
</TextureAtlas>
