<?xml version="1.0" encoding="UTF-8"?>
<!-- Created with TexturePacker http://www.codeandweb.com/texturepacker-->
<!-- $TexturePacker:SmartUpdate:c8656d7895480bc174b582f68404df8f:1/1$ -->
<TextureAtlas imagePath="uiAtlas.png">
    <SubTexture name="UI_back2" x="1" y="1" width="500" height="28"/>
    <SubTexture name="UI_hint" x="502" y="1" width="97" height="51"/>
    <SubTexture name="UI_lives" x="600" y="1" width="97" height="51"/>
    <SubTexture name="UI_lives0" x="698" y="1" width="15" height="31" frameX="-2" frameY="-1" frameWidth="19" frameHeight="33"/>
    <SubTexture name="UI_lives1" x="714" y="1" width="13" height="29" frameX="-2" frameY="-3" frameWidth="19" frameHeight="33"/>
    <SubTexture name="UI_lives2" x="728" y="1" width="15" height="31" frameX="-2" frameY="-1" frameWidth="19" frameHeight="33"/>
    <SubTexture name="UI_lives3" x="744" y="1" width="17" height="31" frameX="0" frameY="-1" frameWidth="19" frameHeight="33"/>
    <SubTexture name="UI_lives4" x="762" y="1" width="17" height="29" frameX="-1" frameY="-3" frameWidth="19" frameHeight="33"/>
    <SubTexture name="UI_lives5" x="780" y="1" width="17" height="29" frameX="0" frameY="-3" frameWidth="19" frameHeight="33"/>
    <SubTexture name="UI_lives6" x="798" y="1" width="17" height="31" frameX="-1" frameY="-1" frameWidth="19" frameHeight="33"/>
    <SubTexture name="UI_lives7" x="816" y="1" width="13" height="29" frameX="-3" frameY="-3" frameWidth="19" frameHeight="33"/>
    <SubTexture name="UI_lives8" x="830" y="1" width="17" height="31" frameX="0" frameY="-1" frameWidth="19" frameHeight="33"/>
    <SubTexture name="UI_lives9" x="848" y="1" width="17" height="31" frameX="-1" frameY="-1" frameWidth="19" frameHeight="33"/>
    <SubTexture name="UI_lives_timer" x="866" y="1" width="42" height="38"/>
    <SubTexture name="UI_lives_unlim" x="909" y="1" width="97" height="51"/>
    <SubTexture name="UI_menu2" x="1007" y="1" width="61" height="51"/>
    <SubTexture name="UI_move" x="1069" y="1" width="97" height="51"/>
    <SubTexture name="music_01" x="1167" y="1" width="40" height="40"/>
    <SubTexture name="music_02" x="1208" y="1" width="40" height="40"/>
    <SubTexture name="sounds_01" x="1249" y="1" width="40" height="40"/>
    <SubTexture name="sounds_02" x="1290" y="1" width="40" height="40"/>
</TextureAtlas>
