<?xml version="1.0" encoding="UTF-8"?>
<!-- Created with TexturePacker http://texturepacker.com-->
<!-- $TexturePacker:SmartUpdate:3fdbf7f107af9394d41ca87859852b9b$ -->
<TextureAtlas imagePath="blocks.png">
    <SubTexture name="01" x="1" y="92" width="38" height="42" frameX="-3" frameY="0" frameWidth="44" frameHeight="44"/>
    <SubTexture name="02" x="1" y="135" width="38" height="42" frameX="-3" frameY="-2" frameWidth="44" frameHeight="44"/>
    <SubTexture name="03" x="1" y="442" width="42" height="38" frameX="0" frameY="-3" frameWidth="44" frameHeight="44"/>
    <SubTexture name="04" x="1" y="481" width="42" height="38" frameX="-2" frameY="-3" frameWidth="44" frameHeight="44"/>
    <SubTexture name="05" x="1" y="651" width="42" height="42" frameX="0" frameY="0" frameWidth="44" frameHeight="44"/>
    <SubTexture name="06" x="1" y="608" width="42" height="42" frameX="-2" frameY="0" frameWidth="44" frameHeight="44"/>
    <SubTexture name="07" x="1" y="399" width="42" height="42" frameX="0" frameY="-2" frameWidth="44" frameHeight="44"/>
    <SubTexture name="08" x="1" y="520" width="42" height="42" frameX="-2" frameY="-2" frameWidth="44" frameHeight="44"/>
    <SubTexture name="09" x="1" y="47" width="38" height="44" frameX="-3" frameY="0" frameWidth="44" frameHeight="44"/>
    <SubTexture name="10" x="1" y="1174" width="44" height="38" frameX="0" frameY="-3" frameWidth="44" frameHeight="44"/>
    <SubTexture name="11" x="1" y="1090" width="44" height="40" frameX="0" frameY="-1" frameWidth="44" frameHeight="44"/>
    <SubTexture name="12" x="1" y="1131" width="44" height="42" frameX="0" frameY="-2" frameWidth="44" frameHeight="44"/>
    <SubTexture name="13" x="1" y="178" width="40" height="44" frameX="-1" frameY="0" frameWidth="44" frameHeight="44"/>
    <SubTexture name="14" x="1" y="563" width="42" height="44" frameX="-2" frameY="0" frameWidth="44" frameHeight="44"/>
    <SubTexture name="15" x="1" y="1213" width="44" height="44"/>
    <SubTexture name="block" x="1" y="8" width="38" height="38" frameX="-3" frameY="-3" frameWidth="44" frameHeight="44"/>
    <SubTexture name="lock_01" x="8" y="1" width="6" height="6" frameX="-2" frameY="-2" frameWidth="44" frameHeight="44"/>
    <SubTexture name="lock_02" x="1" y="1" width="6" height="6" frameX="-35" frameY="-2" frameWidth="44" frameHeight="44"/>
    <SubTexture name="lock_03" x="22" y="1" width="6" height="6" frameX="-2" frameY="-35" frameWidth="44" frameHeight="44"/>
    <SubTexture name="lock_04" x="15" y="1" width="6" height="6" frameX="-35" frameY="-35" frameWidth="44" frameHeight="44"/>
    <SubTexture name="shadows/block_shadow0001" x="1" y="355" width="41" height="43" frameX="-2" frameY="0" frameWidth="47" frameHeight="47"/>
    <SubTexture name="shadows/block_shadow0002" x="1" y="265" width="41" height="43" frameX="-2" frameY="-3" frameWidth="47" frameHeight="47"/>
    <SubTexture name="shadows/block_shadow0003" x="1" y="1004" width="43" height="41" frameX="0" frameY="-2" frameWidth="47" frameHeight="47"/>
    <SubTexture name="shadows/block_shadow0004" x="1" y="962" width="43" height="41" frameX="-3" frameY="-2" frameWidth="47" frameHeight="47"/>
    <SubTexture name="shadows/block_shadow0005" x="1" y="1046" width="43" height="43" frameX="0" frameY="0" frameWidth="47" frameHeight="47"/>
    <SubTexture name="shadows/block_shadow0006" x="1" y="874" width="43" height="43" frameX="-3" frameY="0" frameWidth="47" frameHeight="47"/>
    <SubTexture name="shadows/block_shadow0007" x="1" y="918" width="43" height="43" frameX="0" frameY="-3" frameWidth="47" frameHeight="47"/>
    <SubTexture name="shadows/block_shadow0008" x="1" y="694" width="43" height="43" frameX="-3" frameY="-3" frameWidth="47" frameHeight="47"/>
    <SubTexture name="shadows/block_shadow0009" x="1" y="309" width="41" height="45" frameX="-2" frameY="-1" frameWidth="47" frameHeight="47"/>
    <SubTexture name="shadows/block_shadow0010" x="1" y="1302" width="45" height="41" frameX="-1" frameY="-2" frameWidth="47" frameHeight="47"/>
    <SubTexture name="shadows/block_shadow0011" x="1" y="1258" width="45" height="43" frameX="-1" frameY="0" frameWidth="47" frameHeight="47"/>
    <SubTexture name="shadows/block_shadow0012" x="1" y="1344" width="45" height="43" frameX="-1" frameY="-3" frameWidth="47" frameHeight="47"/>
    <SubTexture name="shadows/block_shadow0013" x="1" y="738" width="43" height="45" frameX="0" frameY="-1" frameWidth="47" frameHeight="47"/>
    <SubTexture name="shadows/block_shadow0014" x="1" y="784" width="43" height="45" frameX="-3" frameY="-1" frameWidth="47" frameHeight="47"/>
    <SubTexture name="shadows/block_shadow0015" x="1" y="830" width="43" height="43" frameX="-2" frameY="-2" frameWidth="47" frameHeight="47"/>
    <SubTexture name="shadows/block_shadow0016" x="1" y="223" width="41" height="41" frameX="-2" frameY="-2" frameWidth="47" frameHeight="47"/>
</TextureAtlas>
