<?xml version="1.0" encoding="UTF-8"?>
<!-- Created with TexturePacker http://texturepacker.com-->
<!-- $TexturePacker:SmartUpdate:749bbac1b0b7058b68b5039c1ae9a18b$ -->
<TextureAtlas imagePath="boom.png">
    <SubTexture name="boom0001" x="108" y="49" width="1" height="1" frameX="0" frameY="0" frameWidth="74" frameHeight="64"/>
    <SubTexture name="boom0003" x="211" y="41" width="20" height="20" frameX="-27" frameY="-21" frameWidth="74" frameHeight="64"/>
    <SubTexture name="boom0005" x="190" y="43" width="20" height="20" frameX="-27" frameY="-21" frameWidth="74" frameHeight="64"/>
    <SubTexture name="boom0007" x="169" y="43" width="20" height="20" frameX="-27" frameY="-21" frameWidth="74" frameHeight="64"/>
    <SubTexture name="boom0009" x="239" y="0" width="40" height="40" frameX="-17" frameY="-11" frameWidth="74" frameHeight="64"/>
    <SubTexture name="boom0011" x="454" y="0" width="38" height="38" frameX="-18" frameY="-12" frameWidth="74" frameHeight="64"/>
    <SubTexture name="boom0013" x="415" y="0" width="38" height="38" frameX="-18" frameY="-12" frameWidth="74" frameHeight="64"/>
    <SubTexture name="boom0015" x="376" y="0" width="38" height="38" frameX="-18" frameY="-12" frameWidth="74" frameHeight="64"/>
    <SubTexture name="boom0017" x="329" y="0" width="46" height="38" frameX="-14" frameY="-12" frameWidth="74" frameHeight="64"/>
    <SubTexture name="boom0021" x="493" y="0" width="46" height="36" frameX="-10" frameY="-14" frameWidth="74" frameHeight="64"/>
    <SubTexture name="boom0023" x="280" y="0" width="48" height="38" frameX="-12" frameY="-12" frameWidth="74" frameHeight="64"/>
    <SubTexture name="boom0025" x="540" y="0" width="40" height="36" frameX="-16" frameY="-14" frameWidth="74" frameHeight="64"/>
    <SubTexture name="boom0027" x="620" y="0" width="38" height="36" frameX="-17" frameY="-13" frameWidth="74" frameHeight="64"/>
    <SubTexture name="boom0029" x="659" y="0" width="36" height="36" frameX="-19" frameY="-13" frameWidth="74" frameHeight="64"/>
    <SubTexture name="boom0031" x="581" y="0" width="38" height="36" frameX="-18" frameY="-13" frameWidth="74" frameHeight="64"/>
    <SubTexture name="boom0033" x="157" y="0" width="40" height="42" frameX="-17" frameY="-10" frameWidth="74" frameHeight="64"/>
    <SubTexture name="boom0035" x="108" y="0" width="48" height="48" frameX="-13" frameY="-8" frameWidth="74" frameHeight="64"/>
    <SubTexture name="boom0037" x="0" y="0" width="56" height="58" frameX="-9" frameY="-2" frameWidth="74" frameHeight="64"/>
    <SubTexture name="boom0039" x="57" y="0" width="50" height="50" frameX="-12" frameY="-6" frameWidth="74" frameHeight="64"/>
    <SubTexture name="boom0041" x="198" y="0" width="40" height="40" frameX="-17" frameY="-11" frameWidth="74" frameHeight="64"/>
    <SubTexture name="boom0043" x="493" y="37" width="30" height="26" frameX="-22" frameY="-18" frameWidth="74" frameHeight="64"/>
    <SubTexture name="boom0045" x="232" y="41" width="38" height="16" frameX="-18" frameY="-23" frameWidth="74" frameHeight="64"/>
    <SubTexture name="boom0047" x="271" y="41" width="44" height="8" frameX="-15" frameY="-27" frameWidth="74" frameHeight="64"/>
    <SubTexture name="boom0049" x="116" y="49" width="52" height="8" frameX="-11" frameY="-27" frameWidth="74" frameHeight="64"/>
    <SubTexture name="boom0051" x="57" y="51" width="58" height="6" frameX="-9" frameY="-28" frameWidth="74" frameHeight="64"/>
    <SubTexture name="boom0053" x="0" y="59" width="64" height="4" frameX="-6" frameY="-30" frameWidth="74" frameHeight="64"/>
</TextureAtlas>
