<?xml version="1.0" encoding="UTF-8"?>
<!-- Created with TexturePacker http://texturepacker.com-->
<!-- $TexturePacker:SmartUpdate:88c5665f13f140a559fdaa308e074854$ -->
<TextureAtlas imagePath="elements.png">
    <SubTexture name="ball_01" x="22" y="92" width="18" height="20" frameX="-10" frameY="-9" frameWidth="38" frameHeight="38"/>
    <SubTexture name="ball_02" x="68" y="70" width="18" height="20" frameX="-10" frameY="-9" frameWidth="38" frameHeight="38"/>
    <SubTexture name="ball_03" x="48" y="70" width="18" height="20" frameX="-10" frameY="-9" frameWidth="38" frameHeight="38"/>
    <SubTexture name="ball_04" x="28" y="70" width="18" height="20" frameX="-10" frameY="-9" frameWidth="38" frameHeight="38"/>
    <SubTexture name="ball_05" x="88" y="70" width="18" height="20" frameX="-10" frameY="-9" frameWidth="38" frameHeight="38"/>
    <SubTexture name="ball_06" x="2" y="92" width="18" height="20" frameX="-10" frameY="-9" frameWidth="38" frameHeight="38"/>
    <SubTexture name="ball_07" x="62" y="92" width="18" height="20" frameX="-10" frameY="-9" frameWidth="38" frameHeight="38"/>
    <SubTexture name="ball_08" x="42" y="92" width="18" height="20" frameX="-10" frameY="-9" frameWidth="38" frameHeight="38"/>
    <SubTexture name="ball_light" x="42" y="166" width="27" height="26" frameX="0" frameY="0" frameWidth="29" frameHeight="26"/>
    <SubTexture name="ball_shadow" x="2" y="367" width="45" height="45" frameX="-1" frameY="-1" frameWidth="47" frameHeight="47"/>
    <SubTexture name="block_light" x="19" y="2" width="14" height="2" frameX="-4" frameY="-1" frameWidth="22" frameHeight="22"/>
    <SubTexture name="block_lightup" x="2" y="2" width="15" height="1"/>
    <SubTexture name="elevator" x="42" y="322" width="43" height="43" frameX="-1" frameY="-1" frameWidth="45" frameHeight="45"/>
    <SubTexture name="elevator_light" x="71" y="166" width="36" height="34" frameX="0" frameY="-2" frameWidth="38" frameHeight="38"/>
    <SubTexture name="elevator_shadow" x="49" y="367" width="45" height="45" frameX="-1" frameY="-1" frameWidth="47" frameHeight="47"/>
    <SubTexture name="nav_blue_01" x="14" y="14" width="14" height="14" frameX="-12" frameY="-12" frameWidth="38" frameHeight="38"/>
    <SubTexture name="nav_blue_02" x="71" y="2" width="10" height="10" frameX="-14" frameY="-14" frameWidth="38" frameHeight="38"/>
    <SubTexture name="nav_blue_03" x="62" y="140" width="18" height="24" frameX="-12" frameY="-7" frameWidth="38" frameHeight="38"/>
    <SubTexture name="nav_blue_04" x="102" y="116" width="18" height="22" frameX="-8" frameY="-8" frameWidth="38" frameHeight="38"/>
    <SubTexture name="nav_blue_05" x="28" y="50" width="24" height="18" frameX="-7" frameY="-12" frameWidth="38" frameHeight="38"/>
    <SubTexture name="nav_blue_06" x="61" y="532" width="57" height="57"/>
    <SubTexture name="nav_gray_01" x="18" y="30" width="14" height="14" frameX="-12" frameY="-12" frameWidth="38" frameHeight="38"/>
    <SubTexture name="nav_gray_02" x="2" y="14" width="10" height="10" frameX="-14" frameY="-14" frameWidth="38" frameHeight="38"/>
    <SubTexture name="nav_gray_03" x="2" y="140" width="18" height="24" frameX="-12" frameY="-7" frameWidth="38" frameHeight="38"/>
    <SubTexture name="nav_gray_04" x="82" y="116" width="18" height="22" frameX="-8" frameY="-8" frameWidth="38" frameHeight="38"/>
    <SubTexture name="nav_gray_05" x="2" y="50" width="24" height="18" frameX="-7" frameY="-12" frameWidth="38" frameHeight="38"/>
    <SubTexture name="nav_gray_06" x="2" y="414" width="55" height="55" frameX="-1" frameY="-1" frameWidth="57" frameHeight="57"/>
    <SubTexture name="nav_green_01" x="2" y="30" width="14" height="14" frameX="-12" frameY="-12" frameWidth="38" frameHeight="38"/>
    <SubTexture name="nav_green_02" x="35" y="2" width="10" height="10" frameX="-14" frameY="-14" frameWidth="38" frameHeight="38"/>
    <SubTexture name="nav_green_03" x="102" y="140" width="18" height="24" frameX="-12" frameY="-7" frameWidth="38" frameHeight="38"/>
    <SubTexture name="nav_green_04" x="62" y="116" width="18" height="22" frameX="-8" frameY="-8" frameWidth="38" frameHeight="38"/>
    <SubTexture name="nav_green_05" x="34" y="30" width="24" height="18" frameX="-7" frameY="-12" frameWidth="38" frameHeight="38"/>
    <SubTexture name="nav_green_06" x="2" y="473" width="57" height="57"/>
    <SubTexture name="nav_orange_01" x="78" y="14" width="14" height="14" frameX="-12" frameY="-12" frameWidth="38" frameHeight="38"/>
    <SubTexture name="nav_orange_02" x="107" y="2" width="10" height="10" frameX="-14" frameY="-14" frameWidth="38" frameHeight="38"/>
    <SubTexture name="nav_orange_03" x="22" y="166" width="18" height="24" frameX="-12" frameY="-7" frameWidth="38" frameHeight="38"/>
    <SubTexture name="nav_orange_04" x="42" y="116" width="18" height="22" frameX="-8" frameY="-8" frameWidth="38" frameHeight="38"/>
    <SubTexture name="nav_orange_05" x="2" y="70" width="24" height="18" frameX="-7" frameY="-12" frameWidth="38" frameHeight="38"/>
    <SubTexture name="nav_orange_06" x="2" y="591" width="57" height="57"/>
    <SubTexture name="nav_pink_01" x="62" y="14" width="14" height="14" frameX="-12" frameY="-12" frameWidth="38" frameHeight="38"/>
    <SubTexture name="nav_pink_02" x="83" y="2" width="10" height="10" frameX="-14" frameY="-14" frameWidth="38" frameHeight="38"/>
    <SubTexture name="nav_pink_03" x="2" y="166" width="18" height="24" frameX="-12" frameY="-7" frameWidth="38" frameHeight="38"/>
    <SubTexture name="nav_pink_04" x="2" y="116" width="18" height="22" frameX="-8" frameY="-8" frameWidth="38" frameHeight="38"/>
    <SubTexture name="nav_pink_05" x="60" y="30" width="22" height="18" frameX="-8" frameY="-12" frameWidth="38" frameHeight="38"/>
    <SubTexture name="nav_pink_06" x="2" y="532" width="57" height="57"/>
    <SubTexture name="nav_purple_01" x="94" y="14" width="14" height="14" frameX="-12" frameY="-12" frameWidth="38" frameHeight="38"/>
    <SubTexture name="nav_purple_02" x="47" y="2" width="10" height="10" frameX="-14" frameY="-14" frameWidth="38" frameHeight="38"/>
    <SubTexture name="nav_purple_03" x="82" y="140" width="18" height="24" frameX="-12" frameY="-7" frameWidth="38" frameHeight="38"/>
    <SubTexture name="nav_purple_04" x="82" y="92" width="18" height="22" frameX="-8" frameY="-8" frameWidth="38" frameHeight="38"/>
    <SubTexture name="nav_purple_05" x="84" y="30" width="24" height="18" frameX="-7" frameY="-12" frameWidth="38" frameHeight="38"/>
    <SubTexture name="nav_purple_06" x="61" y="591" width="57" height="57"/>
    <SubTexture name="nav_red_01" x="46" y="14" width="14" height="14" frameX="-12" frameY="-12" frameWidth="38" frameHeight="38"/>
    <SubTexture name="nav_red_02" x="95" y="2" width="10" height="10" frameX="-14" frameY="-14" frameWidth="38" frameHeight="38"/>
    <SubTexture name="nav_red_03" x="22" y="140" width="18" height="24" frameX="-12" frameY="-7" frameWidth="38" frameHeight="38"/>
    <SubTexture name="nav_red_04" x="22" y="116" width="18" height="22" frameX="-8" frameY="-8" frameWidth="38" frameHeight="38"/>
    <SubTexture name="nav_red_05" x="80" y="50" width="24" height="18" frameX="-7" frameY="-12" frameWidth="38" frameHeight="38"/>
    <SubTexture name="nav_red_06" x="59" y="414" width="57" height="57"/>
    <SubTexture name="nav_yellow_01" x="30" y="14" width="14" height="14" frameX="-12" frameY="-12" frameWidth="38" frameHeight="38"/>
    <SubTexture name="nav_yellow_02" x="59" y="2" width="10" height="10" frameX="-14" frameY="-14" frameWidth="38" frameHeight="38"/>
    <SubTexture name="nav_yellow_03" x="42" y="140" width="18" height="24" frameX="-12" frameY="-7" frameWidth="38" frameHeight="38"/>
    <SubTexture name="nav_yellow_04" x="102" y="92" width="18" height="22" frameX="-8" frameY="-8" frameWidth="38" frameHeight="38"/>
    <SubTexture name="nav_yellow_05" x="54" y="50" width="24" height="18" frameX="-7" frameY="-12" frameWidth="38" frameHeight="38"/>
    <SubTexture name="nav_yellow_06" x="61" y="473" width="57" height="57"/>
    <SubTexture name="rot01" x="42" y="202" width="38" height="38"/>
    <SubTexture name="rot02" x="2" y="202" width="38" height="38"/>
    <SubTexture name="rot03" x="2" y="322" width="38" height="38"/>
    <SubTexture name="rot04" x="2" y="242" width="38" height="38"/>
    <SubTexture name="rot05" x="82" y="202" width="38" height="38"/>
    <SubTexture name="rot06" x="82" y="282" width="38" height="38"/>
    <SubTexture name="rot07" x="42" y="282" width="38" height="38"/>
    <SubTexture name="rot08" x="2" y="282" width="38" height="38"/>
    <SubTexture name="rot09" x="82" y="242" width="38" height="38"/>
    <SubTexture name="rot10" x="42" y="242" width="38" height="38"/>
</TextureAtlas>
