<?xml version="1.0" encoding="UTF-8"?>
<!-- Created with TexturePacker http://texturepacker.com-->
<!-- $TexturePacker:SmartUpdate:52c777b969f87cb40b3f13d017cbd672$ -->
<TextureAtlas imagePath="levelSelect.png">
    <SubTexture name="lvl-bar1" x="1" y="1" width="49" height="49"/>
    <SubTexture name="lvl-bar10" x="51" y="1" width="49" height="49"/>
    <SubTexture name="lvl-bar11" x="101" y="1" width="49" height="49"/>
    <SubTexture name="lvl-bar12" x="151" y="1" width="49" height="49"/>
    <SubTexture name="lvl-bar13" x="201" y="1" width="49" height="49"/>
    <SubTexture name="lvl-bar14" x="1" y="51" width="49" height="49"/>
    <SubTexture name="lvl-bar15" x="51" y="51" width="49" height="49"/>
    <SubTexture name="lvl-bar16" x="101" y="51" width="49" height="49"/>
    <SubTexture name="lvl-bar17" x="151" y="51" width="49" height="49"/>
    <SubTexture name="lvl-bar18" x="201" y="51" width="49" height="49"/>
    <SubTexture name="lvl-bar19" x="1" y="101" width="49" height="49"/>
    <SubTexture name="lvl-bar2" x="51" y="101" width="49" height="49"/>
    <SubTexture name="lvl-bar20" x="101" y="101" width="49" height="49"/>
    <SubTexture name="lvl-bar3" x="151" y="101" width="49" height="49"/>
    <SubTexture name="lvl-bar4" x="201" y="101" width="49" height="49"/>
    <SubTexture name="lvl-bar5" x="1" y="151" width="49" height="49"/>
    <SubTexture name="lvl-bar6" x="51" y="151" width="49" height="49"/>
    <SubTexture name="lvl-bar7" x="101" y="151" width="49" height="49"/>
    <SubTexture name="lvl-bar8" x="151" y="151" width="49" height="49"/>
    <SubTexture name="lvl-bar9" x="201" y="151" width="49" height="49"/>
    <SubTexture name="num0" x="1" y="201" width="15" height="25"/>
    <SubTexture name="num1" x="17" y="201" width="11" height="25"/>
    <SubTexture name="num2" x="29" y="201" width="15" height="25"/>
    <SubTexture name="num3" x="45" y="201" width="15" height="25"/>
    <SubTexture name="num4" x="61" y="201" width="17" height="25"/>
    <SubTexture name="num5" x="79" y="201" width="15" height="25"/>
    <SubTexture name="num6" x="95" y="201" width="17" height="25"/>
    <SubTexture name="num7" x="113" y="201" width="15" height="25"/>
    <SubTexture name="num8" x="129" y="201" width="15" height="25"/>
    <SubTexture name="num9" x="145" y="201" width="15" height="25"/>
    <SubTexture name="numLock" x="161" y="201" width="19" height="29"/>
    <SubTexture name="pop_01" x="181" y="201" width="13" height="13"/>
    <SubTexture name="pop_02" x="195" y="201" width="13" height="13"/>
</TextureAtlas>
