<?xml version="1.0" encoding="UTF-8"?>
<!-- Created with TexturePacker http://www.codeandweb.com/texturepacker-->
<!-- $TexturePacker:SmartUpdate:3dd8a74a4f75a95fa9bef8c0ce5d77fc:1/1$ -->
<TextureAtlas imagePath="uiAtlas.png">
    <SubTexture name="UI_back2" x="1" y="1" width="389" height="25"/>
    <SubTexture name="UI_hint" x="391" y="1" width="85" height="45"/>
    <SubTexture name="UI_lives" x="477" y="1" width="85" height="45"/>
    <SubTexture name="UI_lives0" x="563" y="1" width="15" height="27" frameX="-1" frameY="-1" frameWidth="17" frameHeight="29"/>
    <SubTexture name="UI_lives1" x="579" y="1" width="11" height="27" frameX="-2" frameY="-1" frameWidth="17" frameHeight="29"/>
    <SubTexture name="UI_lives2" x="591" y="1" width="13" height="27" frameX="-2" frameY="-1" frameWidth="17" frameHeight="29"/>
    <SubTexture name="UI_lives3" x="605" y="1" width="15" height="27" frameX="0" frameY="-1" frameWidth="17" frameHeight="29"/>
    <SubTexture name="UI_lives4" x="621" y="1" width="15" height="27" frameX="-1" frameY="-1" frameWidth="17" frameHeight="29"/>
    <SubTexture name="UI_lives5" x="637" y="1" width="15" height="27" frameX="-1" frameY="-1" frameWidth="17" frameHeight="29"/>
    <SubTexture name="UI_lives6" x="653" y="1" width="15" height="27" frameX="-1" frameY="-1" frameWidth="17" frameHeight="29"/>
    <SubTexture name="UI_lives7" x="669" y="1" width="13" height="27" frameX="-1" frameY="-1" frameWidth="17" frameHeight="29"/>
    <SubTexture name="UI_lives8" x="683" y="1" width="15" height="27" frameX="-1" frameY="-1" frameWidth="17" frameHeight="29"/>
    <SubTexture name="UI_lives9" x="699" y="1" width="15" height="27" frameX="-1" frameY="-1" frameWidth="17" frameHeight="29"/>
    <SubTexture name="UI_lives_timer" x="715" y="1" width="37" height="33"/>
    <SubTexture name="UI_lives_unlim" x="753" y="1" width="85" height="45"/>
    <SubTexture name="UI_menu2" x="839" y="1" width="54" height="45"/>
    <SubTexture name="UI_move" x="894" y="1" width="85" height="45"/>
</TextureAtlas>
