<?xml version="1.0" encoding="UTF-8"?>
<!-- Created with TexturePacker http://texturepacker.com-->
<!-- $TexturePacker:SmartUpdate:6fb499b0bc5872006f8deae3ae70cd31$ -->
<TextureAtlas imagePath="blocks.png">
    <SubTexture name="01" x="849" y="137" width="130" height="140" frameX="-11" frameY="-1" frameWidth="152" frameHeight="152"/>
    <SubTexture name="02" x="153" y="279" width="130" height="140" frameX="-11" frameY="-11" frameWidth="152" frameHeight="152"/>
    <SubTexture name="03" x="373" y="1" width="140" height="130" frameX="-1" frameY="-11" frameWidth="152" frameHeight="152"/>
    <SubTexture name="04" x="515" y="1" width="140" height="130" frameX="-11" frameY="-11" frameWidth="152" frameHeight="152"/>
    <SubTexture name="05" x="565" y="137" width="140" height="140" frameX="-1" frameY="-1" frameWidth="152" frameHeight="152"/>
    <SubTexture name="06" x="707" y="137" width="140" height="140" frameX="-11" frameY="-1" frameWidth="152" frameHeight="152"/>
    <SubTexture name="07" x="423" y="137" width="140" height="140" frameX="-1" frameY="-11" frameWidth="152" frameHeight="152"/>
    <SubTexture name="08" x="281" y="137" width="140" height="140" frameX="-11" frameY="-11" frameWidth="152" frameHeight="152"/>
    <SubTexture name="09" x="869" y="575" width="130" height="150" frameX="-11" frameY="-1" frameWidth="152" frameHeight="152"/>
    <SubTexture name="10" x="89" y="1" width="150" height="130" frameX="-1" frameY="-11" frameWidth="152" frameHeight="152"/>
    <SubTexture name="11" x="285" y="279" width="150" height="140" frameX="-1" frameY="-1" frameWidth="152" frameHeight="152"/>
    <SubTexture name="12" x="1" y="279" width="150" height="140" frameX="-1" frameY="-11" frameWidth="152" frameHeight="152"/>
    <SubTexture name="13" x="439" y="575" width="140" height="150" frameX="-1" frameY="-1" frameWidth="152" frameHeight="152"/>
    <SubTexture name="14" x="297" y="575" width="140" height="150" frameX="-11" frameY="-1" frameWidth="152" frameHeight="152"/>
    <SubTexture name="15" x="717" y="575" width="150" height="150" frameX="-1" frameY="-1" frameWidth="152" frameHeight="152"/>
    <SubTexture name="block" x="241" y="1" width="130" height="130" frameX="-11" frameY="-11" frameWidth="152" frameHeight="152"/>
    <SubTexture name="lock_01" x="45" y="1" width="20" height="20" frameX="-11" frameY="-11" frameWidth="152" frameHeight="152"/>
    <SubTexture name="lock_02" x="1" y="1" width="20" height="20" frameX="-121" frameY="-11" frameWidth="152" frameHeight="152"/>
    <SubTexture name="lock_03" x="67" y="1" width="20" height="20" frameX="-11" frameY="-121" frameWidth="152" frameHeight="152"/>
    <SubTexture name="lock_04" x="23" y="1" width="20" height="20" frameX="-121" frameY="-121" frameWidth="152" frameHeight="152"/>
    <SubTexture name="shadows/block_shadow0001" x="577" y="423" width="134" height="142" frameX="-12" frameY="-4" frameWidth="160" frameHeight="160"/>
    <SubTexture name="shadows/block_shadow0002" x="441" y="423" width="134" height="142" frameX="-12" frameY="-12" frameWidth="160" frameHeight="160"/>
    <SubTexture name="shadows/block_shadow0003" x="1" y="137" width="142" height="134" frameX="-4" frameY="-12" frameWidth="160" frameHeight="160"/>
    <SubTexture name="shadows/block_shadow0004" x="809" y="1" width="142" height="134" frameX="-12" frameY="-12" frameWidth="160" frameHeight="160"/>
    <SubTexture name="shadows/block_shadow0005" x="297" y="423" width="142" height="142" frameX="-4" frameY="-4" frameWidth="160" frameHeight="160"/>
    <SubTexture name="shadows/block_shadow0006" x="437" y="279" width="142" height="142" frameX="-12" frameY="-4" frameWidth="160" frameHeight="160"/>
    <SubTexture name="shadows/block_shadow0007" x="153" y="423" width="142" height="142" frameX="-4" frameY="-12" frameWidth="160" frameHeight="160"/>
    <SubTexture name="shadows/block_shadow0008" x="733" y="279" width="142" height="142" frameX="-12" frameY="-12" frameWidth="160" frameHeight="160"/>
    <SubTexture name="shadows/block_shadow0009" x="581" y="575" width="134" height="150" frameX="-12" frameY="-4" frameWidth="160" frameHeight="160"/>
    <SubTexture name="shadows/block_shadow0010" x="657" y="1" width="150" height="134" frameX="-4" frameY="-12" frameWidth="160" frameHeight="160"/>
    <SubTexture name="shadows/block_shadow0011" x="1" y="423" width="150" height="142" frameX="-4" frameY="-4" frameWidth="160" frameHeight="160"/>
    <SubTexture name="shadows/block_shadow0012" x="581" y="279" width="150" height="142" frameX="-4" frameY="-12" frameWidth="160" frameHeight="160"/>
    <SubTexture name="shadows/block_shadow0013" x="153" y="575" width="142" height="150" frameX="-4" frameY="-4" frameWidth="160" frameHeight="160"/>
    <SubTexture name="shadows/block_shadow0014" x="713" y="423" width="142" height="150" frameX="-12" frameY="-4" frameWidth="160" frameHeight="160"/>
    <SubTexture name="shadows/block_shadow0015" x="1" y="575" width="150" height="150" frameX="-4" frameY="-4" frameWidth="160" frameHeight="160"/>
    <SubTexture name="shadows/block_shadow0016" x="145" y="137" width="134" height="134" frameX="-12" frameY="-12" frameWidth="160" frameHeight="160"/>
</TextureAtlas>
