<?xml version="1.0" encoding="UTF-8"?>
<!-- Created with TexturePacker http://texturepacker.com-->
<!-- $TexturePacker:SmartUpdate:d558557e59952a370020a003c0b46737$ -->
<TextureAtlas imagePath="boom.png">
    <SubTexture name="boom0001" x="500" y="123" width="1" height="1" frameX="0" frameY="0" frameWidth="251" frameHeight="218"/>
    <SubTexture name="boom0003" x="562" y="381" width="63" height="62" frameX="-94" frameY="-76" frameWidth="251" frameHeight="218"/>
    <SubTexture name="boom0005" x="496" y="502" width="63" height="64" frameX="-94" frameY="-76" frameWidth="251" frameHeight="218"/>
    <SubTexture name="boom0007" x="436" y="146" width="63" height="64" frameX="-94" frameY="-76" frameWidth="251" frameHeight="218"/>
    <SubTexture name="boom0009" x="304" y="338" width="131" height="132" frameX="-61" frameY="-41" frameWidth="251" frameHeight="218"/>
    <SubTexture name="boom0011" x="500" y="127" width="127" height="128" frameX="-62" frameY="-43" frameWidth="251" frameHeight="218"/>
    <SubTexture name="boom0013" x="502" y="0" width="125" height="126" frameX="-64" frameY="-44" frameWidth="251" frameHeight="218"/>
    <SubTexture name="boom0015" x="150" y="483" width="125" height="124" frameX="-63" frameY="-45" frameWidth="251" frameHeight="218"/>
    <SubTexture name="boom0017" x="348" y="0" width="153" height="122" frameX="-50" frameY="-46" frameWidth="251" frameHeight="218"/>
    <SubTexture name="boom0021" x="0" y="483" width="149" height="124" frameX="-38" frameY="-45" frameWidth="251" frameHeight="218"/>
    <SubTexture name="boom0023" x="0" y="360" width="155" height="122" frameX="-47" frameY="-47" frameWidth="251" frameHeight="218"/>
    <SubTexture name="boom0025" x="436" y="256" width="131" height="124" frameX="-59" frameY="-46" frameWidth="251" frameHeight="218"/>
    <SubTexture name="boom0027" x="436" y="381" width="125" height="120" frameX="-62" frameY="-47" frameWidth="251" frameHeight="218"/>
    <SubTexture name="boom0029" x="276" y="483" width="119" height="120" frameX="-66" frameY="-47" frameWidth="251" frameHeight="218"/>
    <SubTexture name="boom0031" x="156" y="360" width="121" height="122" frameX="-67" frameY="-44" frameWidth="251" frameHeight="218"/>
    <SubTexture name="boom0033" x="168" y="205" width="135" height="138" frameX="-59" frameY="-38" frameWidth="251" frameHeight="218"/>
    <SubTexture name="boom0035" x="186" y="0" width="161" height="164" frameX="-45" frameY="-26" frameWidth="251" frameHeight="218"/>
    <SubTexture name="boom0037" x="0" y="0" width="185" height="190" frameX="-33" frameY="-13" frameWidth="251" frameHeight="218"/>
    <SubTexture name="boom0039" x="0" y="191" width="167" height="168" frameX="-42" frameY="-23" frameWidth="251" frameHeight="218"/>
    <SubTexture name="boom0041" x="304" y="205" width="131" height="132" frameX="-60" frameY="-42" frameWidth="251" frameHeight="218"/>
    <SubTexture name="boom0043" x="396" y="502" width="99" height="80" frameX="-75" frameY="-67" frameWidth="251" frameHeight="218"/>
    <SubTexture name="boom0045" x="496" y="567" width="123" height="48" frameX="-64" frameY="-83" frameWidth="251" frameHeight="218"/>
    <SubTexture name="boom0047" x="348" y="123" width="151" height="22" frameX="-49" frameY="-96" frameWidth="251" frameHeight="218"/>
    <SubTexture name="boom0049" x="186" y="165" width="175" height="20" frameX="-38" frameY="-97" frameWidth="251" frameHeight="218"/>
    <SubTexture name="boom0051" x="186" y="186" width="199" height="18" frameX="-26" frameY="-99" frameWidth="251" frameHeight="218"/>
    <SubTexture name="boom0053" x="0" y="608" width="223" height="18" frameX="-15" frameY="-98" frameWidth="251" frameHeight="218"/>
</TextureAtlas>
