<?xml version="1.0" encoding="UTF-8"?>
<!-- Created with TexturePacker http://texturepacker.com-->
<!-- $TexturePacker:SmartUpdate:06d6486986dac7718646098750af57b5$ -->
<TextureAtlas imagePath="elements.png">
    <SubTexture name="ball_01" x="804" y="1" width="61" height="61" frameX="-34" frameY="-34" frameWidth="129" frameHeight="129"/>
    <SubTexture name="ball_02" x="311" y="63" width="61" height="61" frameX="-34" frameY="-34" frameWidth="129" frameHeight="129"/>
    <SubTexture name="ball_03" x="1" y="63" width="61" height="61" frameX="-34" frameY="-34" frameWidth="129" frameHeight="129"/>
    <SubTexture name="ball_04" x="249" y="63" width="61" height="61" frameX="-34" frameY="-34" frameWidth="129" frameHeight="129"/>
    <SubTexture name="ball_05" x="63" y="63" width="61" height="61" frameX="-34" frameY="-34" frameWidth="129" frameHeight="129"/>
    <SubTexture name="ball_06" x="125" y="63" width="61" height="61" frameX="-34" frameY="-34" frameWidth="129" frameHeight="129"/>
    <SubTexture name="ball_07" x="866" y="1" width="61" height="61" frameX="-34" frameY="-34" frameWidth="129" frameHeight="129"/>
    <SubTexture name="ball_08" x="187" y="63" width="61" height="61" frameX="-34" frameY="-34" frameWidth="129" frameHeight="129"/>
    <SubTexture name="ball_light" x="205" y="213" width="88" height="85" frameX="-3" frameY="-2" frameWidth="98" frameHeight="89"/>
    <SubTexture name="ball_shadow" x="781" y="343" width="146" height="146" frameX="-6" frameY="-6" frameWidth="160" frameHeight="160"/>
    <SubTexture name="block_light" x="53" y="1" width="46" height="6" frameX="-15" frameY="-4" frameWidth="76" frameHeight="76"/>
    <SubTexture name="block_lightup" x="1" y="1" width="51" height="4"/>
    <SubTexture name="elevator" x="152" y="490" width="152" height="152"/>
    <SubTexture name="elevator_light" x="294" y="213" width="117" height="115" frameX="-5" frameY="-7" frameWidth="129" frameHeight="129"/>
    <SubTexture name="elevator_shadow" x="1" y="490" width="150" height="150" frameX="-4" frameY="-4" frameWidth="160" frameHeight="160"/>
    <SubTexture name="nav_blue_01" x="454" y="1" width="49" height="49" frameX="-40" frameY="-41" frameWidth="129" frameHeight="129"/>
    <SubTexture name="nav_blue_02" x="138" y="1" width="37" height="39" frameX="-46" frameY="-45" frameWidth="129" frameHeight="129"/>
    <SubTexture name="nav_blue_03" x="831" y="131" width="67" height="81" frameX="-37" frameY="-25" frameWidth="129" frameHeight="129"/>
    <SubTexture name="nav_blue_04" x="899" y="131" width="67" height="81" frameX="-25" frameY="-25" frameWidth="129" frameHeight="129"/>
    <SubTexture name="nav_blue_05" x="1" y="131" width="81" height="67" frameX="-25" frameY="-37" frameWidth="129" frameHeight="129"/>
    <SubTexture name="nav_blue_06" x="586" y="685" width="194" height="194"/>
    <SubTexture name="nav_gray_01" x="754" y="1" width="49" height="49" frameX="-40" frameY="-41" frameWidth="129" frameHeight="129"/>
    <SubTexture name="nav_gray_02" x="214" y="1" width="37" height="39" frameX="-46" frameY="-45" frameWidth="129" frameHeight="129"/>
    <SubTexture name="nav_gray_03" x="1" y="213" width="67" height="81" frameX="-37" frameY="-25" frameWidth="129" frameHeight="129"/>
    <SubTexture name="nav_gray_04" x="763" y="131" width="67" height="81" frameX="-25" frameY="-25" frameWidth="129" frameHeight="129"/>
    <SubTexture name="nav_gray_05" x="783" y="63" width="81" height="67" frameX="-25" frameY="-37" frameWidth="129" frameHeight="129"/>
    <SubTexture name="nav_gray_06" x="305" y="490" width="188" height="188" frameX="-3" frameY="-3" frameWidth="194" frameHeight="194"/>
    <SubTexture name="nav_green_01" x="604" y="1" width="49" height="49" frameX="-40" frameY="-41" frameWidth="129" frameHeight="129"/>
    <SubTexture name="nav_green_02" x="100" y="1" width="37" height="39" frameX="-46" frameY="-45" frameWidth="129" frameHeight="129"/>
    <SubTexture name="nav_green_03" x="627" y="131" width="67" height="81" frameX="-37" frameY="-25" frameWidth="129" frameHeight="129"/>
    <SubTexture name="nav_green_04" x="695" y="131" width="67" height="81" frameX="-25" frameY="-25" frameWidth="129" frameHeight="129"/>
    <SubTexture name="nav_green_05" x="455" y="63" width="81" height="67" frameX="-25" frameY="-37" frameWidth="129" frameHeight="129"/>
    <SubTexture name="nav_green_06" x="494" y="490" width="194" height="194"/>
    <SubTexture name="nav_orange_01" x="704" y="1" width="49" height="49" frameX="-40" frameY="-41" frameWidth="129" frameHeight="129"/>
    <SubTexture name="nav_orange_02" x="366" y="1" width="37" height="39" frameX="-46" frameY="-45" frameWidth="129" frameHeight="129"/>
    <SubTexture name="nav_orange_03" x="137" y="213" width="67" height="81" frameX="-37" frameY="-25" frameWidth="129" frameHeight="129"/>
    <SubTexture name="nav_orange_04" x="559" y="131" width="67" height="81" frameX="-25" frameY="-25" frameWidth="129" frameHeight="129"/>
    <SubTexture name="nav_orange_05" x="537" y="63" width="81" height="67" frameX="-25" frameY="-37" frameWidth="129" frameHeight="129"/>
    <SubTexture name="nav_orange_06" x="391" y="685" width="194" height="194"/>
    <SubTexture name="nav_pink_01" x="504" y="1" width="49" height="49" frameX="-40" frameY="-41" frameWidth="129" frameHeight="129"/>
    <SubTexture name="nav_pink_02" x="328" y="1" width="37" height="39" frameX="-46" frameY="-45" frameWidth="129" frameHeight="129"/>
    <SubTexture name="nav_pink_03" x="69" y="213" width="67" height="81" frameX="-37" frameY="-25" frameWidth="129" frameHeight="129"/>
    <SubTexture name="nav_pink_04" x="83" y="131" width="67" height="81" frameX="-25" frameY="-25" frameWidth="129" frameHeight="129"/>
    <SubTexture name="nav_pink_05" x="619" y="63" width="81" height="67" frameX="-25" frameY="-37" frameWidth="129" frameHeight="129"/>
    <SubTexture name="nav_pink_06" x="689" y="490" width="194" height="194"/>
    <SubTexture name="nav_purple_01" x="554" y="1" width="49" height="49" frameX="-40" frameY="-41" frameWidth="129" frameHeight="129"/>
    <SubTexture name="nav_purple_02" x="290" y="1" width="37" height="39" frameX="-46" frameY="-45" frameWidth="129" frameHeight="129"/>
    <SubTexture name="nav_purple_03" x="151" y="131" width="67" height="81" frameX="-37" frameY="-25" frameWidth="129" frameHeight="129"/>
    <SubTexture name="nav_purple_04" x="423" y="131" width="67" height="81" frameX="-25" frameY="-25" frameWidth="129" frameHeight="129"/>
    <SubTexture name="nav_purple_05" x="865" y="63" width="81" height="67" frameX="-25" frameY="-37" frameWidth="129" frameHeight="129"/>
    <SubTexture name="nav_purple_06" x="1" y="685" width="194" height="194"/>
    <SubTexture name="nav_red_01" x="654" y="1" width="49" height="49" frameX="-40" frameY="-41" frameWidth="129" frameHeight="129"/>
    <SubTexture name="nav_red_02" x="252" y="1" width="37" height="39" frameX="-46" frameY="-45" frameWidth="129" frameHeight="129"/>
    <SubTexture name="nav_red_03" x="219" y="131" width="67" height="81" frameX="-37" frameY="-25" frameWidth="129" frameHeight="129"/>
    <SubTexture name="nav_red_04" x="287" y="131" width="67" height="81" frameX="-25" frameY="-25" frameWidth="129" frameHeight="129"/>
    <SubTexture name="nav_red_05" x="373" y="63" width="81" height="67" frameX="-25" frameY="-37" frameWidth="129" frameHeight="129"/>
    <SubTexture name="nav_red_06" x="781" y="685" width="194" height="194"/>
    <SubTexture name="nav_yellow_01" x="404" y="1" width="49" height="49" frameX="-40" frameY="-41" frameWidth="129" frameHeight="129"/>
    <SubTexture name="nav_yellow_02" x="176" y="1" width="37" height="39" frameX="-46" frameY="-45" frameWidth="129" frameHeight="129"/>
    <SubTexture name="nav_yellow_03" x="355" y="131" width="67" height="81" frameX="-37" frameY="-25" frameWidth="129" frameHeight="129"/>
    <SubTexture name="nav_yellow_04" x="491" y="131" width="67" height="81" frameX="-25" frameY="-25" frameWidth="129" frameHeight="129"/>
    <SubTexture name="nav_yellow_05" x="701" y="63" width="81" height="67" frameX="-25" frameY="-37" frameWidth="129" frameHeight="129"/>
    <SubTexture name="nav_yellow_06" x="196" y="685" width="194" height="194"/>
    <SubTexture name="rot01" x="391" y="343" width="129" height="129"/>
    <SubTexture name="rot02" x="672" y="213" width="129" height="129"/>
    <SubTexture name="rot03" x="542" y="213" width="129" height="129"/>
    <SubTexture name="rot04" x="802" y="213" width="129" height="129"/>
    <SubTexture name="rot05" x="651" y="343" width="129" height="129"/>
    <SubTexture name="rot06" x="1" y="343" width="129" height="129"/>
    <SubTexture name="rot07" x="412" y="213" width="129" height="129"/>
    <SubTexture name="rot08" x="131" y="343" width="129" height="129"/>
    <SubTexture name="rot09" x="261" y="343" width="129" height="129"/>
    <SubTexture name="rot10" x="521" y="343" width="129" height="129"/>
</TextureAtlas>
