<?xml version="1.0" encoding="UTF-8"?>
<!-- Created with TexturePacker http://texturepacker.com-->
<!-- $TexturePacker:SmartUpdate:cc2aaf90c2273e3e47e5475555922f9e$ -->
<TextureAtlas imagePath="levelSelect.png">
    <SubTexture name="lvl-bar1" x="1" y="1" width="171" height="173"/>
    <SubTexture name="lvl-bar10" x="173" y="1" width="171" height="173"/>
    <SubTexture name="lvl-bar11" x="345" y="1" width="171" height="173"/>
    <SubTexture name="lvl-bar12" x="517" y="1" width="171" height="173"/>
    <SubTexture name="lvl-bar13" x="689" y="1" width="171" height="173"/>
    <SubTexture name="lvl-bar14" x="1" y="175" width="171" height="173"/>
    <SubTexture name="lvl-bar15" x="173" y="175" width="171" height="173"/>
    <SubTexture name="lvl-bar16" x="345" y="175" width="171" height="173"/>
    <SubTexture name="lvl-bar17" x="517" y="175" width="171" height="173"/>
    <SubTexture name="lvl-bar18" x="689" y="175" width="171" height="173"/>
    <SubTexture name="lvl-bar19" x="1" y="349" width="171" height="173"/>
    <SubTexture name="lvl-bar2" x="173" y="349" width="171" height="173"/>
    <SubTexture name="lvl-bar20" x="345" y="349" width="171" height="173"/>
    <SubTexture name="lvl-bar3" x="517" y="349" width="171" height="173"/>
    <SubTexture name="lvl-bar4" x="689" y="349" width="171" height="173"/>
    <SubTexture name="lvl-bar5" x="1" y="523" width="171" height="173"/>
    <SubTexture name="lvl-bar6" x="173" y="523" width="171" height="173"/>
    <SubTexture name="lvl-bar7" x="345" y="523" width="171" height="173"/>
    <SubTexture name="lvl-bar8" x="517" y="523" width="171" height="173"/>
    <SubTexture name="lvl-bar9" x="689" y="523" width="171" height="173"/>
    <SubTexture name="num0" x="1" y="697" width="44" height="72"/>
    <SubTexture name="num1" x="46" y="697" width="28" height="70"/>
    <SubTexture name="num2" x="75" y="697" width="44" height="70"/>
    <SubTexture name="num3" x="120" y="697" width="44" height="72"/>
    <SubTexture name="num4" x="165" y="697" width="46" height="70"/>
    <SubTexture name="num5" x="212" y="697" width="44" height="70"/>
    <SubTexture name="num6" x="257" y="697" width="44" height="72"/>
    <SubTexture name="num7" x="302" y="697" width="42" height="70"/>
    <SubTexture name="num8" x="345" y="697" width="44" height="72"/>
    <SubTexture name="num9" x="390" y="697" width="44" height="72"/>
    <SubTexture name="numLock" x="435" y="697" width="56" height="84"/>
    <SubTexture name="pop_01" x="492" y="697" width="50" height="50"/>
    <SubTexture name="pop_02" x="543" y="697" width="50" height="50"/>
</TextureAtlas>
