<?xml version="1.0" encoding="UTF-8"?>
<!-- Created with TexturePacker http://www.codeandweb.com/texturepacker-->
<!-- $TexturePacker:SmartUpdate:fa35d1d8807319fbeadbea794cdfa3d6:1/1$ -->
<TextureAtlas imagePath="uiAtlas.png">
    <SubTexture name="UI_back2" x="125" y="1" width="1342" height="85"/>
    <SubTexture name="UI_hint" x="1" y="246" width="294" height="156"/>
    <SubTexture name="UI_lives" x="711" y="89" width="294" height="156"/>
    <SubTexture name="UI_lives0" x="241" y="89" width="45" height="89" frameX="-6" frameY="-7" frameWidth="57" frameHeight="99"/>
    <SubTexture name="UI_lives1" x="89" y="1" width="35" height="85" frameX="-8" frameY="-9" frameWidth="57" frameHeight="99"/>
    <SubTexture name="UI_lives2" x="1468" y="1" width="45" height="87" frameX="-6" frameY="-7" frameWidth="57" frameHeight="99"/>
    <SubTexture name="UI_lives3" x="193" y="89" width="47" height="89" frameX="-4" frameY="-7" frameWidth="57" frameHeight="99"/>
    <SubTexture name="UI_lives4" x="1" y="1" width="49" height="85" frameX="-3" frameY="-9" frameWidth="57" frameHeight="99"/>
    <SubTexture name="UI_lives5" x="1" y="89" width="47" height="87" frameX="-4" frameY="-9" frameWidth="57" frameHeight="99"/>
    <SubTexture name="UI_lives6" x="145" y="89" width="47" height="89" frameX="-5" frameY="-7" frameWidth="57" frameHeight="99"/>
    <SubTexture name="UI_lives7" x="51" y="1" width="37" height="85" frameX="-9" frameY="-9" frameWidth="57" frameHeight="99"/>
    <SubTexture name="UI_lives8" x="97" y="89" width="47" height="89" frameX="-4" frameY="-7" frameWidth="57" frameHeight="99"/>
    <SubTexture name="UI_lives9" x="49" y="89" width="47" height="89" frameX="-5" frameY="-7" frameWidth="57" frameHeight="99"/>
    <SubTexture name="UI_lives_timer" x="287" y="89" width="128" height="115"/>
    <SubTexture name="UI_lives_unlim" x="1193" y="89" width="294" height="156"/>
    <SubTexture name="UI_menu2" x="1006" y="89" width="186" height="156"/>
    <SubTexture name="UI_move" x="416" y="89" width="294" height="156"/>
    <SubTexture name="UI_top" x="296" y="246" width="1200" height="191"/>
</TextureAtlas>
