<?xml version="1.0" encoding="UTF-8"?>
<!-- Created with TexturePacker http://texturepacker.com-->
<!-- $TexturePacker:SmartUpdate:a6e351779f12f84a24a7e042eec40133$ -->
<TextureAtlas imagePath="blocks.png">
    <SubTexture name="01" x="289" y="185" width="86" height="94" frameX="-8" frameY="0" frameWidth="102" frameHeight="102"/>
    <SubTexture name="02" x="1" y="281" width="86" height="94" frameX="-8" frameY="-7" frameWidth="102" frameHeight="102"/>
    <SubTexture name="03" x="247" y="1" width="94" height="86" frameX="0" frameY="-8" frameWidth="102" frameHeight="102"/>
    <SubTexture name="04" x="343" y="1" width="94" height="86" frameX="-7" frameY="-8" frameWidth="102" frameHeight="102"/>
    <SubTexture name="05" x="97" y="185" width="94" height="94" frameX="0" frameY="0" frameWidth="102" frameHeight="102"/>
    <SubTexture name="06" x="193" y="185" width="94" height="94" frameX="-7" frameY="0" frameWidth="102" frameHeight="102"/>
    <SubTexture name="07" x="1" y="185" width="94" height="94" frameX="0" frameY="-7" frameWidth="102" frameHeight="102"/>
    <SubTexture name="08" x="393" y="89" width="94" height="94" frameX="-7" frameY="-7" frameWidth="102" frameHeight="102"/>
    <SubTexture name="09" x="1" y="579" width="86" height="100" frameX="-8" frameY="-1" frameWidth="102" frameHeight="102"/>
    <SubTexture name="10" x="57" y="1" width="100" height="86" frameX="-1" frameY="-8" frameWidth="102" frameHeight="102"/>
    <SubTexture name="11" x="89" y="281" width="100" height="94" frameX="-1" frameY="0" frameWidth="102" frameHeight="102"/>
    <SubTexture name="12" x="377" y="185" width="100" height="94" frameX="-1" frameY="-7" frameWidth="102" frameHeight="102"/>
    <SubTexture name="13" x="185" y="477" width="94" height="100" frameX="0" frameY="-1" frameWidth="102" frameHeight="102"/>
    <SubTexture name="14" x="383" y="477" width="94" height="100" frameX="-7" frameY="-1" frameWidth="102" frameHeight="102"/>
    <SubTexture name="15" x="281" y="477" width="100" height="100" frameX="-1" frameY="-1" frameWidth="102" frameHeight="102"/>
    <SubTexture name="block" x="159" y="1" width="86" height="86" frameX="-8" frameY="-8" frameWidth="102" frameHeight="102"/>
    <SubTexture name="lock_01" x="29" y="1" width="12" height="12" frameX="-8" frameY="-8" frameWidth="102" frameHeight="102"/>
    <SubTexture name="lock_02" x="1" y="1" width="12" height="12" frameX="-82" frameY="-8" frameWidth="102" frameHeight="102"/>
    <SubTexture name="lock_03" x="43" y="1" width="12" height="12" frameX="-8" frameY="-82" frameWidth="102" frameHeight="102"/>
    <SubTexture name="lock_04" x="15" y="1" width="12" height="12" frameX="-82" frameY="-82" frameWidth="102" frameHeight="102"/>
    <SubTexture name="shadows/block_shadow0001" x="93" y="477" width="90" height="96" frameX="-9" frameY="-3" frameWidth="108" frameHeight="108"/>
    <SubTexture name="shadows/block_shadow0002" x="1" y="477" width="90" height="96" frameX="-9" frameY="-8" frameWidth="108" frameHeight="108"/>
    <SubTexture name="shadows/block_shadow0003" x="203" y="89" width="96" height="90" frameX="-3" frameY="-9" frameWidth="108" frameHeight="108"/>
    <SubTexture name="shadows/block_shadow0004" x="105" y="89" width="96" height="90" frameX="-8" frameY="-9" frameWidth="108" frameHeight="108"/>
    <SubTexture name="shadows/block_shadow0005" x="301" y="379" width="96" height="96" frameX="-3" frameY="-3" frameWidth="108" frameHeight="108"/>
    <SubTexture name="shadows/block_shadow0006" x="191" y="281" width="96" height="96" frameX="-8" frameY="-3" frameWidth="108" frameHeight="108"/>
    <SubTexture name="shadows/block_shadow0007" x="203" y="379" width="96" height="96" frameX="-3" frameY="-8" frameWidth="108" frameHeight="108"/>
    <SubTexture name="shadows/block_shadow0008" x="1" y="379" width="96" height="96" frameX="-8" frameY="-8" frameWidth="108" frameHeight="108"/>
    <SubTexture name="shadows/block_shadow0009" x="389" y="579" width="90" height="102" frameX="-9" frameY="-2" frameWidth="108" frameHeight="108"/>
    <SubTexture name="shadows/block_shadow0010" x="1" y="89" width="102" height="90" frameX="-2" frameY="-8" frameWidth="108" frameHeight="108"/>
    <SubTexture name="shadows/block_shadow0011" x="99" y="379" width="102" height="96" frameX="-2" frameY="-3" frameWidth="108" frameHeight="108"/>
    <SubTexture name="shadows/block_shadow0012" x="289" y="281" width="102" height="96" frameX="-2" frameY="-8" frameWidth="108" frameHeight="108"/>
    <SubTexture name="shadows/block_shadow0013" x="291" y="579" width="96" height="102" frameX="-3" frameY="-2" frameWidth="108" frameHeight="108"/>
    <SubTexture name="shadows/block_shadow0014" x="193" y="579" width="96" height="102" frameX="-8" frameY="-2" frameWidth="108" frameHeight="108"/>
    <SubTexture name="shadows/block_shadow0015" x="89" y="579" width="102" height="102" frameX="-2" frameY="-2" frameWidth="108" frameHeight="108"/>
    <SubTexture name="shadows/block_shadow0016" x="301" y="89" width="90" height="90" frameX="-9" frameY="-9" frameWidth="108" frameHeight="108"/>
</TextureAtlas>
