<?xml version="1.0" encoding="UTF-8"?>
<!-- Created with TexturePacker http://texturepacker.com-->
<!-- $TexturePacker:SmartUpdate:d64d1f5c0deda3f7f66e7e6b019dc955$ -->
<TextureAtlas imagePath="boom.png">
    <SubTexture name="boom0001" x="103" y="327" width="1" height="1" frameX="0" frameY="0" frameWidth="168" frameHeight="146"/>
    <SubTexture name="boom0003" x="378" y="165" width="42" height="42" frameX="-63" frameY="-51" frameWidth="168" frameHeight="146"/>
    <SubTexture name="boom0005" x="378" y="122" width="42" height="42" frameX="-63" frameY="-51" frameWidth="168" frameHeight="146"/>
    <SubTexture name="boom0007" x="336" y="373" width="42" height="42" frameX="-63" frameY="-51" frameWidth="168" frameHeight="146"/>
    <SubTexture name="boom0009" x="202" y="126" width="88" height="88" frameX="-40" frameY="-28" frameWidth="168" frameHeight="146"/>
    <SubTexture name="boom0011" x="291" y="122" width="86" height="86" frameX="-41" frameY="-28" frameWidth="168" frameHeight="146"/>
    <SubTexture name="boom0013" x="202" y="215" width="86" height="84" frameX="-41" frameY="-30" frameWidth="168" frameHeight="146"/>
    <SubTexture name="boom0015" x="291" y="209" width="82" height="80" frameX="-43" frameY="-32" frameWidth="168" frameHeight="146"/>
    <SubTexture name="boom0017" x="0" y="327" width="102" height="82" frameX="-34" frameY="-31" frameWidth="168" frameHeight="146"/>
    <SubTexture name="boom0021" x="232" y="0" width="102" height="82" frameX="-24" frameY="-31" frameWidth="168" frameHeight="146"/>
    <SubTexture name="boom0023" x="0" y="242" width="104" height="84" frameX="-31" frameY="-30" frameWidth="168" frameHeight="146"/>
    <SubTexture name="boom0025" x="113" y="220" width="88" height="82" frameX="-39" frameY="-31" frameWidth="168" frameHeight="146"/>
    <SubTexture name="boom0027" x="103" y="336" width="82" height="80" frameX="-42" frameY="-32" frameWidth="168" frameHeight="146"/>
    <SubTexture name="boom0029" x="186" y="336" width="80" height="80" frameX="-44" frameY="-31" frameWidth="168" frameHeight="146"/>
    <SubTexture name="boom0031" x="289" y="290" width="82" height="82" frameX="-44" frameY="-30" frameWidth="168" frameHeight="146"/>
    <SubTexture name="boom0033" x="335" y="0" width="90" height="92" frameX="-39" frameY="-26" frameWidth="168" frameHeight="146"/>
    <SubTexture name="boom0035" x="125" y="0" width="106" height="110" frameX="-31" frameY="-17" frameWidth="168" frameHeight="146"/>
    <SubTexture name="boom0037" x="0" y="0" width="124" height="128" frameX="-22" frameY="-8" frameWidth="168" frameHeight="146"/>
    <SubTexture name="boom0039" x="0" y="129" width="112" height="112" frameX="-28" frameY="-16" frameWidth="168" frameHeight="146"/>
    <SubTexture name="boom0041" x="113" y="129" width="88" height="90" frameX="-40" frameY="-27" frameWidth="168" frameHeight="146"/>
    <SubTexture name="boom0043" x="267" y="373" width="68" height="54" frameX="-49" frameY="-45" frameWidth="168" frameHeight="146"/>
    <SubTexture name="boom0045" x="105" y="303" width="84" height="32" frameX="-42" frameY="-56" frameWidth="168" frameHeight="146"/>
    <SubTexture name="boom0047" x="232" y="83" width="102" height="14" frameX="-32" frameY="-65" frameWidth="168" frameHeight="146"/>
    <SubTexture name="boom0049" x="125" y="111" width="116" height="14" frameX="-27" frameY="-64" frameWidth="168" frameHeight="146"/>
    <SubTexture name="boom0051" x="232" y="98" width="132" height="12" frameX="-19" frameY="-65" frameWidth="168" frameHeight="146"/>
    <SubTexture name="boom0053" x="242" y="111" width="150" height="10" frameX="-10" frameY="-67" frameWidth="168" frameHeight="146"/>
</TextureAtlas>
