<?xml version="1.0" encoding="UTF-8"?>
<!-- Created with TexturePacker http://texturepacker.com-->
<!-- $TexturePacker:SmartUpdate:d18291fa92270aca69dde1c6ac5debdb$ -->
<TextureAtlas imagePath="elements.png">
    <SubTexture name="ball_01" x="532" y="1" width="42" height="44" frameX="-22" frameY="-21" frameWidth="86" frameHeight="86"/>
    <SubTexture name="ball_02" x="833" y="1" width="42" height="44" frameX="-22" frameY="-21" frameWidth="86" frameHeight="86"/>
    <SubTexture name="ball_03" x="618" y="1" width="42" height="44" frameX="-22" frameY="-21" frameWidth="86" frameHeight="86"/>
    <SubTexture name="ball_04" x="790" y="1" width="42" height="44" frameX="-22" frameY="-21" frameWidth="86" frameHeight="86"/>
    <SubTexture name="ball_05" x="661" y="1" width="42" height="44" frameX="-22" frameY="-21" frameWidth="86" frameHeight="86"/>
    <SubTexture name="ball_06" x="704" y="1" width="42" height="44" frameX="-22" frameY="-21" frameWidth="86" frameHeight="86"/>
    <SubTexture name="ball_07" x="575" y="1" width="42" height="44" frameX="-22" frameY="-21" frameWidth="86" frameHeight="86"/>
    <SubTexture name="ball_08" x="747" y="1" width="42" height="44" frameX="-22" frameY="-21" frameWidth="86" frameHeight="86"/>
    <SubTexture name="ball_light" x="277" y="102" width="78" height="74" frameX="-2" frameY="-2" frameWidth="86" frameHeight="78"/>
    <SubTexture name="ball_shadow" x="356" y="102" width="78" height="78" frameX="-4" frameY="-4" frameWidth="86" frameHeight="86"/>
    <SubTexture name="block_light" x="36" y="1" width="31" height="5" frameX="-10" frameY="-2" frameWidth="51" frameHeight="51"/>
    <SubTexture name="block_lightup" x="1" y="1" width="34" height="3"/>
    <SubTexture name="elevator" x="523" y="189" width="100" height="100" frameX="-1" frameY="-1" frameWidth="102" frameHeight="102"/>
    <SubTexture name="elevator_light" x="435" y="102" width="79" height="79" frameX="-3" frameY="-4" frameWidth="87" frameHeight="87"/>
    <SubTexture name="elevator_shadow" x="624" y="189" width="102" height="102" frameX="-2" frameY="-2" frameWidth="108" frameHeight="108"/>
    <SubTexture name="nav_blue_01" x="308" y="1" width="31" height="33" frameX="-28" frameY="-27" frameWidth="87" frameHeight="87"/>
    <SubTexture name="nav_blue_02" x="94" y="1" width="25" height="27" frameX="-31" frameY="-30" frameWidth="87" frameHeight="87"/>
    <SubTexture name="nav_blue_03" x="139" y="102" width="45" height="55" frameX="-24" frameY="-16" frameWidth="87" frameHeight="87"/>
    <SubTexture name="nav_blue_04" x="47" y="102" width="45" height="55" frameX="-17" frameY="-16" frameWidth="87" frameHeight="87"/>
    <SubTexture name="nav_blue_05" x="393" y="46" width="55" height="45" frameX="-16" frameY="-24" frameWidth="87" frameHeight="87"/>
    <SubTexture name="nav_blue_06" x="525" y="316" width="130" height="130"/>
    <SubTexture name="nav_gray_01" x="500" y="1" width="31" height="33" frameX="-28" frameY="-27" frameWidth="87" frameHeight="87"/>
    <SubTexture name="nav_gray_02" x="146" y="1" width="25" height="27" frameX="-31" frameY="-30" frameWidth="87" frameHeight="87"/>
    <SubTexture name="nav_gray_03" x="93" y="102" width="45" height="55" frameX="-24" frameY="-16" frameWidth="87" frameHeight="87"/>
    <SubTexture name="nav_gray_04" x="1" y="102" width="45" height="55" frameX="-17" frameY="-16" frameWidth="87" frameHeight="87"/>
    <SubTexture name="nav_gray_05" x="281" y="46" width="55" height="45" frameX="-16" frameY="-24" frameWidth="87" frameHeight="87"/>
    <SubTexture name="nav_gray_06" x="727" y="189" width="126" height="126" frameX="-2" frameY="-2" frameWidth="130" frameHeight="130"/>
    <SubTexture name="nav_green_01" x="404" y="1" width="31" height="33" frameX="-28" frameY="-27" frameWidth="87" frameHeight="87"/>
    <SubTexture name="nav_green_02" x="68" y="1" width="25" height="27" frameX="-31" frameY="-30" frameWidth="87" frameHeight="87"/>
    <SubTexture name="nav_green_03" x="817" y="46" width="45" height="55" frameX="-24" frameY="-16" frameWidth="87" frameHeight="87"/>
    <SubTexture name="nav_green_04" x="863" y="46" width="45" height="55" frameX="-17" frameY="-16" frameWidth="87" frameHeight="87"/>
    <SubTexture name="nav_green_05" x="57" y="46" width="55" height="45" frameX="-16" frameY="-24" frameWidth="87" frameHeight="87"/>
    <SubTexture name="nav_green_06" x="132" y="316" width="130" height="130"/>
    <SubTexture name="nav_orange_01" x="468" y="1" width="31" height="33" frameX="-28" frameY="-27" frameWidth="87" frameHeight="87"/>
    <SubTexture name="nav_orange_02" x="250" y="1" width="25" height="27" frameX="-31" frameY="-30" frameWidth="87" frameHeight="87"/>
    <SubTexture name="nav_orange_03" x="185" y="102" width="45" height="55" frameX="-24" frameY="-16" frameWidth="87" frameHeight="87"/>
    <SubTexture name="nav_orange_04" x="771" y="46" width="45" height="55" frameX="-17" frameY="-16" frameWidth="87" frameHeight="87"/>
    <SubTexture name="nav_orange_05" x="113" y="46" width="55" height="45" frameX="-16" frameY="-24" frameWidth="87" frameHeight="87"/>
    <SubTexture name="nav_orange_06" x="394" y="316" width="130" height="130"/>
    <SubTexture name="nav_pink_01" x="340" y="1" width="31" height="33" frameX="-28" frameY="-27" frameWidth="87" frameHeight="87"/>
    <SubTexture name="nav_pink_02" x="224" y="1" width="25" height="27" frameX="-31" frameY="-30" frameWidth="87" frameHeight="87"/>
    <SubTexture name="nav_pink_03" x="231" y="102" width="45" height="55" frameX="-24" frameY="-16" frameWidth="87" frameHeight="87"/>
    <SubTexture name="nav_pink_04" x="449" y="46" width="45" height="55" frameX="-17" frameY="-16" frameWidth="87" frameHeight="87"/>
    <SubTexture name="nav_pink_05" x="169" y="46" width="55" height="45" frameX="-16" frameY="-24" frameWidth="87" frameHeight="87"/>
    <SubTexture name="nav_pink_06" x="263" y="316" width="130" height="130"/>
    <SubTexture name="nav_purple_01" x="372" y="1" width="31" height="33" frameX="-28" frameY="-27" frameWidth="87" frameHeight="87"/>
    <SubTexture name="nav_purple_02" x="198" y="1" width="25" height="27" frameX="-31" frameY="-30" frameWidth="87" frameHeight="87"/>
    <SubTexture name="nav_purple_03" x="495" y="46" width="45" height="55" frameX="-24" frameY="-16" frameWidth="87" frameHeight="87"/>
    <SubTexture name="nav_purple_04" x="679" y="46" width="45" height="55" frameX="-17" frameY="-16" frameWidth="87" frameHeight="87"/>
    <SubTexture name="nav_purple_05" x="337" y="46" width="55" height="45" frameX="-16" frameY="-24" frameWidth="87" frameHeight="87"/>
    <SubTexture name="nav_purple_06" x="787" y="316" width="130" height="130"/>
    <SubTexture name="nav_red_01" x="436" y="1" width="31" height="33" frameX="-28" frameY="-27" frameWidth="87" frameHeight="87"/>
    <SubTexture name="nav_red_02" x="172" y="1" width="25" height="27" frameX="-31" frameY="-30" frameWidth="87" frameHeight="87"/>
    <SubTexture name="nav_red_03" x="541" y="46" width="45" height="55" frameX="-24" frameY="-16" frameWidth="87" frameHeight="87"/>
    <SubTexture name="nav_red_04" x="587" y="46" width="45" height="55" frameX="-17" frameY="-16" frameWidth="87" frameHeight="87"/>
    <SubTexture name="nav_red_05" x="1" y="46" width="55" height="45" frameX="-16" frameY="-24" frameWidth="87" frameHeight="87"/>
    <SubTexture name="nav_red_06" x="656" y="316" width="130" height="130"/>
    <SubTexture name="nav_yellow_01" x="276" y="1" width="31" height="33" frameX="-28" frameY="-27" frameWidth="87" frameHeight="87"/>
    <SubTexture name="nav_yellow_02" x="120" y="1" width="25" height="27" frameX="-31" frameY="-30" frameWidth="87" frameHeight="87"/>
    <SubTexture name="nav_yellow_03" x="633" y="46" width="45" height="55" frameX="-24" frameY="-16" frameWidth="87" frameHeight="87"/>
    <SubTexture name="nav_yellow_04" x="725" y="46" width="45" height="55" frameX="-17" frameY="-16" frameWidth="87" frameHeight="87"/>
    <SubTexture name="nav_yellow_05" x="225" y="46" width="55" height="45" frameX="-16" frameY="-24" frameWidth="87" frameHeight="87"/>
    <SubTexture name="nav_yellow_06" x="1" y="316" width="130" height="130"/>
    <SubTexture name="rot01" x="175" y="189" width="86" height="86"/>
    <SubTexture name="rot02" x="602" y="102" width="86" height="86"/>
    <SubTexture name="rot03" x="515" y="102" width="86" height="86"/>
    <SubTexture name="rot04" x="689" y="102" width="86" height="86"/>
    <SubTexture name="rot05" x="776" y="102" width="86" height="86"/>
    <SubTexture name="rot06" x="436" y="189" width="86" height="86"/>
    <SubTexture name="rot07" x="349" y="189" width="86" height="86"/>
    <SubTexture name="rot08" x="262" y="189" width="86" height="86"/>
    <SubTexture name="rot09" x="88" y="189" width="86" height="86"/>
    <SubTexture name="rot10" x="1" y="189" width="86" height="86"/>
</TextureAtlas>
