<?xml version="1.0" encoding="UTF-8"?>
<!-- Created with TexturePacker http://texturepacker.com-->
<!-- $TexturePacker:SmartUpdate:ed9562374d0c99deeafb68672d6ef05d$ -->
<TextureAtlas imagePath="levelSelect.png">
    <SubTexture name="lvl-bar1" x="1" y="1" width="115" height="117"/>
    <SubTexture name="lvl-bar10" x="117" y="1" width="115" height="117"/>
    <SubTexture name="lvl-bar11" x="233" y="1" width="115" height="117"/>
    <SubTexture name="lvl-bar12" x="349" y="1" width="115" height="117"/>
    <SubTexture name="lvl-bar13" x="465" y="1" width="115" height="117"/>
    <SubTexture name="lvl-bar14" x="581" y="1" width="115" height="117"/>
    <SubTexture name="lvl-bar15" x="697" y="1" width="115" height="117"/>
    <SubTexture name="lvl-bar16" x="813" y="1" width="115" height="117"/>
    <SubTexture name="lvl-bar17" x="1" y="119" width="115" height="117"/>
    <SubTexture name="lvl-bar18" x="117" y="119" width="115" height="117"/>
    <SubTexture name="lvl-bar19" x="233" y="119" width="115" height="117"/>
    <SubTexture name="lvl-bar2" x="349" y="119" width="115" height="117"/>
    <SubTexture name="lvl-bar20" x="465" y="119" width="115" height="117"/>
    <SubTexture name="lvl-bar3" x="581" y="119" width="115" height="117"/>
    <SubTexture name="lvl-bar4" x="697" y="119" width="115" height="117"/>
    <SubTexture name="lvl-bar5" x="813" y="119" width="115" height="117"/>
    <SubTexture name="lvl-bar6" x="1" y="237" width="115" height="117"/>
    <SubTexture name="lvl-bar7" x="117" y="237" width="115" height="117"/>
    <SubTexture name="lvl-bar8" x="233" y="237" width="115" height="117"/>
    <SubTexture name="lvl-bar9" x="349" y="237" width="115" height="117"/>
    <SubTexture name="num0" x="465" y="237" width="30" height="48"/>
    <SubTexture name="num1" x="496" y="237" width="20" height="48"/>
    <SubTexture name="num2" x="517" y="237" width="28" height="48"/>
    <SubTexture name="num3" x="546" y="237" width="30" height="48"/>
    <SubTexture name="num4" x="577" y="237" width="30" height="48"/>
    <SubTexture name="num5" x="608" y="237" width="30" height="48"/>
    <SubTexture name="num6" x="639" y="237" width="30" height="48"/>
    <SubTexture name="num7" x="670" y="237" width="28" height="48"/>
    <SubTexture name="num8" x="699" y="237" width="28" height="48"/>
    <SubTexture name="num9" x="728" y="237" width="28" height="48"/>
    <SubTexture name="numLock" x="757" y="237" width="38" height="56"/>
    <SubTexture name="pop_01" x="796" y="237" width="33" height="33"/>
    <SubTexture name="pop_02" x="830" y="237" width="31" height="31"/>
</TextureAtlas>
