<?xml version="1.0" encoding="UTF-8"?>
<!-- Created with TexturePacker http://www.codeandweb.com/texturepacker-->
<!-- $TexturePacker:SmartUpdate:cad59b73d6c621e56ece63d3a9eb10fd:1/1$ -->
<TextureAtlas imagePath="uiAtlas.png">
    <SubTexture name="UI_back2" x="1" y="1" width="901" height="57"/>
    <SubTexture name="UI_hint" x="1" y="166" width="197" height="105"/>
    <SubTexture name="UI_lives" x="501" y="60" width="197" height="105"/>
    <SubTexture name="UI_lives0" x="185" y="60" width="30" height="60" frameX="-4" frameY="-4" frameWidth="38" frameHeight="66"/>
    <SubTexture name="UI_lives1" x="1" y="60" width="24" height="58" frameX="-5" frameY="-5" frameWidth="38" frameHeight="66"/>
    <SubTexture name="UI_lives2" x="936" y="1" width="30" height="58" frameX="-4" frameY="-5" frameWidth="38" frameHeight="66"/>
    <SubTexture name="UI_lives3" x="152" y="60" width="32" height="60" frameX="-2" frameY="-4" frameWidth="38" frameHeight="66"/>
    <SubTexture name="UI_lives4" x="903" y="1" width="32" height="58" frameX="-3" frameY="-5" frameWidth="38" frameHeight="66"/>
    <SubTexture name="UI_lives5" x="967" y="1" width="32" height="58" frameX="-2" frameY="-6" frameWidth="38" frameHeight="66"/>
    <SubTexture name="UI_lives6" x="119" y="60" width="32" height="60" frameX="-3" frameY="-4" frameWidth="38" frameHeight="66"/>
    <SubTexture name="UI_lives7" x="26" y="60" width="26" height="58" frameX="-5" frameY="-5" frameWidth="38" frameHeight="66"/>
    <SubTexture name="UI_lives8" x="86" y="60" width="32" height="60" frameX="-2" frameY="-4" frameWidth="38" frameHeight="66"/>
    <SubTexture name="UI_lives9" x="53" y="60" width="32" height="60" frameX="-3" frameY="-4" frameWidth="38" frameHeight="66"/>
    <SubTexture name="UI_lives_timer" x="216" y="60" width="86" height="77"/>
    <SubTexture name="UI_lives_unlim" x="825" y="60" width="197" height="105"/>
    <SubTexture name="UI_menu2" x="699" y="60" width="125" height="105"/>
    <SubTexture name="UI_move" x="303" y="60" width="197" height="105"/>
    <SubTexture name="UI_top" x="199" y="166" width="800" height="158"/>
</TextureAtlas>
