<?xml version="1.0" encoding="UTF-8"?>
<!-- Created with TexturePacker http://texturepacker.com-->
<!-- $TexturePacker:SmartUpdate:3c4ba006c53547c3a9681559fd4c23af$ -->
<TextureAtlas imagePath="blocks.png">
    <SubTexture name="01" x="84" y="165" width="76" height="82" frameX="-7" frameY="-1" frameWidth="90" frameHeight="90"/>
    <SubTexture name="02" x="250" y="165" width="76" height="82" frameX="-7" frameY="-7" frameWidth="90" frameHeight="90"/>
    <SubTexture name="03" x="219" y="1" width="82" height="76" frameX="-1" frameY="-7" frameWidth="90" frameHeight="90"/>
    <SubTexture name="04" x="302" y="1" width="82" height="76" frameX="-7" frameY="-7" frameWidth="90" frameHeight="90"/>
    <SubTexture name="05" x="418" y="82" width="82" height="82" frameX="-1" frameY="-1" frameWidth="90" frameHeight="90"/>
    <SubTexture name="06" x="1" y="165" width="82" height="82" frameX="-7" frameY="-1" frameWidth="90" frameHeight="90"/>
    <SubTexture name="07" x="335" y="82" width="82" height="82" frameX="-1" frameY="-7" frameWidth="90" frameHeight="90"/>
    <SubTexture name="08" x="252" y="82" width="82" height="82" frameX="-7" frameY="-7" frameWidth="90" frameHeight="90"/>
    <SubTexture name="09" x="418" y="335" width="76" height="88" frameX="-7" frameY="-1" frameWidth="90" frameHeight="90"/>
    <SubTexture name="10" x="53" y="1" width="88" height="76" frameX="-1" frameY="-7" frameWidth="90" frameHeight="90"/>
    <SubTexture name="11" x="327" y="165" width="88" height="82" frameX="-1" frameY="-1" frameWidth="90" frameHeight="90"/>
    <SubTexture name="12" x="161" y="165" width="88" height="82" frameX="-1" frameY="-7" frameWidth="90" frameHeight="90"/>
    <SubTexture name="13" x="163" y="335" width="82" height="88" frameX="-1" frameY="-1" frameWidth="90" frameHeight="90"/>
    <SubTexture name="14" x="335" y="335" width="82" height="88" frameX="-7" frameY="-1" frameWidth="90" frameHeight="90"/>
    <SubTexture name="15" x="246" y="335" width="88" height="88" frameX="-1" frameY="-1" frameWidth="90" frameHeight="90"/>
    <SubTexture name="block" x="142" y="1" width="76" height="76" frameX="-7" frameY="-7" frameWidth="90" frameHeight="90"/>
    <SubTexture name="lock_01" x="27" y="1" width="12" height="12" frameX="-6" frameY="-6" frameWidth="90" frameHeight="90"/>
    <SubTexture name="lock_02" x="1" y="1" width="12" height="12" frameX="-71" frameY="-6" frameWidth="90" frameHeight="90"/>
    <SubTexture name="lock_03" x="40" y="1" width="12" height="12" frameX="-6" frameY="-71" frameWidth="90" frameHeight="90"/>
    <SubTexture name="lock_04" x="14" y="1" width="12" height="12" frameX="-71" frameY="-71" frameWidth="90" frameHeight="90"/>
    <SubTexture name="shadows/block_shadow0001" x="82" y="335" width="80" height="84" frameX="-6" frameY="-2" frameWidth="94" frameHeight="94"/>
    <SubTexture name="shadows/block_shadow0002" x="1" y="335" width="80" height="84" frameX="-6" frameY="-7" frameWidth="94" frameHeight="94"/>
    <SubTexture name="shadows/block_shadow0003" x="86" y="82" width="84" height="80" frameX="-2" frameY="-6" frameWidth="94" frameHeight="94"/>
    <SubTexture name="shadows/block_shadow0004" x="1" y="82" width="84" height="80" frameX="-7" frameY="-6" frameWidth="94" frameHeight="94"/>
    <SubTexture name="shadows/block_shadow0005" x="353" y="250" width="84" height="84" frameX="-2" frameY="-2" frameWidth="94" frameHeight="94"/>
    <SubTexture name="shadows/block_shadow0006" x="416" y="165" width="84" height="84" frameX="-7" frameY="-2" frameWidth="94" frameHeight="94"/>
    <SubTexture name="shadows/block_shadow0007" x="268" y="250" width="84" height="84" frameX="-2" frameY="-7" frameWidth="94" frameHeight="94"/>
    <SubTexture name="shadows/block_shadow0008" x="92" y="250" width="84" height="84" frameX="-7" frameY="-7" frameWidth="94" frameHeight="94"/>
    <SubTexture name="shadows/block_shadow0009" x="262" y="424" width="80" height="90" frameX="-6" frameY="-1" frameWidth="94" frameHeight="94"/>
    <SubTexture name="shadows/block_shadow0010" x="385" y="1" width="90" height="80" frameX="-1" frameY="-6" frameWidth="94" frameHeight="94"/>
    <SubTexture name="shadows/block_shadow0011" x="177" y="250" width="90" height="84" frameX="-1" frameY="-2" frameWidth="94" frameHeight="94"/>
    <SubTexture name="shadows/block_shadow0012" x="1" y="250" width="90" height="84" frameX="-1" frameY="-7" frameWidth="94" frameHeight="94"/>
    <SubTexture name="shadows/block_shadow0013" x="177" y="424" width="84" height="90" frameX="-2" frameY="-1" frameWidth="94" frameHeight="94"/>
    <SubTexture name="shadows/block_shadow0014" x="92" y="424" width="84" height="90" frameX="-7" frameY="-1" frameWidth="94" frameHeight="94"/>
    <SubTexture name="shadows/block_shadow0015" x="1" y="424" width="90" height="90" frameX="-1" frameY="-1" frameWidth="94" frameHeight="94"/>
    <SubTexture name="shadows/block_shadow0016" x="171" y="82" width="80" height="80" frameX="-6" frameY="-6" frameWidth="94" frameHeight="94"/>
</TextureAtlas>
