<?xml version="1.0" encoding="UTF-8"?>
<!-- Created with TexturePacker http://texturepacker.com-->
<!-- $TexturePacker:SmartUpdate:ff8083a8543b82917009d691d73ed51a$ -->
<TextureAtlas imagePath="boom.png">
    <SubTexture name="boom0001" x="0" y="113" width="1" height="1" frameX="0" frameY="0" frameWidth="147" frameHeight="128"/>
    <SubTexture name="boom0003" x="510" y="79" width="37" height="36" frameX="-55" frameY="-45" frameWidth="147" frameHeight="128"/>
    <SubTexture name="boom0005" x="472" y="79" width="37" height="38" frameX="-55" frameY="-44" frameWidth="147" frameHeight="128"/>
    <SubTexture name="boom0007" x="434" y="79" width="37" height="38" frameX="-55" frameY="-44" frameWidth="147" frameHeight="128"/>
    <SubTexture name="boom0009" x="464" y="0" width="77" height="78" frameX="-35" frameY="-24" frameWidth="147" frameHeight="128"/>
    <SubTexture name="boom0011" x="802" y="0" width="75" height="74" frameX="-36" frameY="-26" frameWidth="147" frameHeight="128"/>
    <SubTexture name="boom0013" x="726" y="0" width="75" height="74" frameX="-36" frameY="-26" frameWidth="147" frameHeight="128"/>
    <SubTexture name="boom0015" x="878" y="0" width="73" height="74" frameX="-37" frameY="-26" frameWidth="147" frameHeight="128"/>
    <SubTexture name="boom0017" x="952" y="0" width="89" height="72" frameX="-30" frameY="-27" frameWidth="147" frameHeight="128"/>
    <SubTexture name="boom0021" x="636" y="0" width="89" height="74" frameX="-21" frameY="-26" frameWidth="147" frameHeight="128"/>
    <SubTexture name="boom0023" x="542" y="0" width="93" height="74" frameX="-26" frameY="-26" frameWidth="147" frameHeight="128"/>
    <SubTexture name="boom0025" x="1042" y="0" width="79" height="72" frameX="-33" frameY="-28" frameWidth="147" frameHeight="128"/>
    <SubTexture name="boom0027" x="1122" y="0" width="75" height="72" frameX="-35" frameY="-26" frameWidth="147" frameHeight="128"/>
    <SubTexture name="boom0029" x="1270" y="0" width="71" height="70" frameX="-38" frameY="-28" frameWidth="147" frameHeight="128"/>
    <SubTexture name="boom0031" x="1198" y="0" width="71" height="72" frameX="-39" frameY="-26" frameWidth="147" frameHeight="128"/>
    <SubTexture name="boom0033" x="306" y="0" width="79" height="82" frameX="-35" frameY="-22" frameWidth="147" frameHeight="128"/>
    <SubTexture name="boom0035" x="210" y="0" width="95" height="98" frameX="-26" frameY="-14" frameWidth="147" frameHeight="128"/>
    <SubTexture name="boom0037" x="0" y="0" width="109" height="112" frameX="-19" frameY="-7" frameWidth="147" frameHeight="128"/>
    <SubTexture name="boom0039" x="110" y="0" width="99" height="98" frameX="-24" frameY="-14" frameWidth="147" frameHeight="128"/>
    <SubTexture name="boom0041" x="386" y="0" width="77" height="78" frameX="-35" frameY="-24" frameWidth="147" frameHeight="128"/>
    <SubTexture name="boom0043" x="1270" y="71" width="59" height="48" frameX="-43" frameY="-39" frameWidth="147" frameHeight="128"/>
    <SubTexture name="boom0045" x="548" y="75" width="73" height="28" frameX="-37" frameY="-49" frameWidth="147" frameHeight="128"/>
    <SubTexture name="boom0047" x="110" y="99" width="89" height="14" frameX="-28" frameY="-55" frameWidth="147" frameHeight="128"/>
    <SubTexture name="boom0049" x="200" y="99" width="101" height="12" frameX="-24" frameY="-57" frameWidth="147" frameHeight="128"/>
    <SubTexture name="boom0051" x="306" y="83" width="115" height="10" frameX="-17" frameY="-58" frameWidth="147" frameHeight="128"/>
    <SubTexture name="boom0053" x="302" y="99" width="131" height="10" frameX="-9" frameY="-58" frameWidth="147" frameHeight="128"/>
</TextureAtlas>
