<?xml version="1.0" encoding="UTF-8"?>
<!-- Created with TexturePacker http://texturepacker.com-->
<!-- $TexturePacker:SmartUpdate:98291c8735cae023eb9a8063ae5508bf$ -->
<TextureAtlas imagePath="elements.png">
    <SubTexture name="ball_01" x="1" y="53" width="36" height="36" frameX="-20" frameY="-20" frameWidth="76" frameHeight="76"/>
    <SubTexture name="ball_02" x="38" y="90" width="36" height="36" frameX="-20" frameY="-20" frameWidth="76" frameHeight="76"/>
    <SubTexture name="ball_03" x="75" y="53" width="36" height="36" frameX="-20" frameY="-20" frameWidth="76" frameHeight="76"/>
    <SubTexture name="ball_04" x="1" y="90" width="36" height="36" frameX="-20" frameY="-20" frameWidth="76" frameHeight="76"/>
    <SubTexture name="ball_05" x="112" y="53" width="36" height="36" frameX="-20" frameY="-20" frameWidth="76" frameHeight="76"/>
    <SubTexture name="ball_06" x="149" y="53" width="36" height="36" frameX="-20" frameY="-20" frameWidth="76" frameHeight="76"/>
    <SubTexture name="ball_07" x="38" y="53" width="36" height="36" frameX="-20" frameY="-20" frameWidth="76" frameHeight="76"/>
    <SubTexture name="ball_08" x="186" y="53" width="36" height="36" frameX="-20" frameY="-20" frameWidth="76" frameHeight="76"/>
    <SubTexture name="ball_light" x="157" y="266" width="51" height="50" frameX="-2" frameY="-1" frameWidth="57" frameHeight="52"/>
    <SubTexture name="ball_shadow" x="155" y="548" width="84" height="84" frameX="-5" frameY="-5" frameWidth="94" frameHeight="94"/>
    <SubTexture name="block_light" x="32" y="1" width="27" height="3" frameX="-9" frameY="-3" frameWidth="45" frameHeight="45"/>
    <SubTexture name="block_lightup" x="1" y="1" width="30" height="2"/>
    <SubTexture name="elevator" x="1" y="633" width="87" height="87" frameX="-1" frameY="-1" frameWidth="89" frameHeight="89"/>
    <SubTexture name="elevator_light" x="1" y="317" width="70" height="68" frameX="-2" frameY="-4" frameWidth="76" frameHeight="76"/>
    <SubTexture name="elevator_shadow" x="89" y="633" width="90" height="90" frameX="-1" frameY="-1" frameWidth="94" frameHeight="94"/>
    <SubTexture name="nav_blue_01" x="30" y="24" width="28" height="28" frameX="-24" frameY="-24" frameWidth="76" frameHeight="76"/>
    <SubTexture name="nav_blue_02" x="81" y="1" width="20" height="22" frameX="-28" frameY="-27" frameWidth="76" frameHeight="76"/>
    <SubTexture name="nav_blue_03" x="196" y="217" width="38" height="48" frameX="-22" frameY="-14" frameWidth="76" frameHeight="76"/>
    <SubTexture name="nav_blue_04" x="79" y="217" width="38" height="48" frameX="-15" frameY="-14" frameWidth="76" frameHeight="76"/>
    <SubTexture name="nav_blue_05" x="197" y="129" width="48" height="38" frameX="-14" frameY="-22" frameWidth="76" frameHeight="76"/>
    <SubTexture name="nav_blue_06" x="116" y="954" width="114" height="114"/>
    <SubTexture name="nav_gray_01" x="204" y="24" width="28" height="28" frameX="-24" frameY="-24" frameWidth="76" frameHeight="76"/>
    <SubTexture name="nav_gray_02" x="123" y="1" width="20" height="22" frameX="-28" frameY="-27" frameWidth="76" frameHeight="76"/>
    <SubTexture name="nav_gray_03" x="1" y="266" width="38" height="48" frameX="-22" frameY="-14" frameWidth="76" frameHeight="76"/>
    <SubTexture name="nav_gray_04" x="157" y="217" width="38" height="48" frameX="-15" frameY="-14" frameWidth="76" frameHeight="76"/>
    <SubTexture name="nav_gray_05" x="99" y="129" width="48" height="38" frameX="-14" frameY="-22" frameWidth="76" frameHeight="76"/>
    <SubTexture name="nav_gray_06" x="1" y="724" width="110" height="110" frameX="-2" frameY="-2" frameWidth="114" frameHeight="114"/>
    <SubTexture name="nav_green_01" x="117" y="24" width="28" height="28" frameX="-24" frameY="-24" frameWidth="76" frameHeight="76"/>
    <SubTexture name="nav_green_02" x="60" y="1" width="20" height="22" frameX="-28" frameY="-27" frameWidth="76" frameHeight="76"/>
    <SubTexture name="nav_green_03" x="40" y="266" width="38" height="48" frameX="-22" frameY="-14" frameWidth="76" frameHeight="76"/>
    <SubTexture name="nav_green_04" x="118" y="217" width="38" height="48" frameX="-15" frameY="-14" frameWidth="76" frameHeight="76"/>
    <SubTexture name="nav_green_05" x="124" y="90" width="48" height="38" frameX="-14" frameY="-22" frameWidth="76" frameHeight="76"/>
    <SubTexture name="nav_green_06" x="1" y="839" width="114" height="114"/>
    <SubTexture name="nav_orange_01" x="175" y="24" width="28" height="28" frameX="-24" frameY="-24" frameWidth="76" frameHeight="76"/>
    <SubTexture name="nav_orange_02" x="207" y="1" width="20" height="22" frameX="-28" frameY="-27" frameWidth="76" frameHeight="76"/>
    <SubTexture name="nav_orange_03" x="79" y="266" width="38" height="48" frameX="-22" frameY="-14" frameWidth="76" frameHeight="76"/>
    <SubTexture name="nav_orange_04" x="40" y="217" width="38" height="48" frameX="-15" frameY="-14" frameWidth="76" frameHeight="76"/>
    <SubTexture name="nav_orange_05" x="173" y="90" width="48" height="38" frameX="-14" frameY="-22" frameWidth="76" frameHeight="76"/>
    <SubTexture name="nav_orange_06" x="1" y="954" width="114" height="114"/>
    <SubTexture name="nav_pink_01" x="59" y="24" width="28" height="28" frameX="-24" frameY="-24" frameWidth="76" frameHeight="76"/>
    <SubTexture name="nav_pink_02" x="186" y="1" width="20" height="22" frameX="-28" frameY="-27" frameWidth="76" frameHeight="76"/>
    <SubTexture name="nav_pink_03" x="118" y="266" width="38" height="48" frameX="-22" frameY="-14" frameWidth="76" frameHeight="76"/>
    <SubTexture name="nav_pink_04" x="1" y="168" width="38" height="48" frameX="-15" frameY="-14" frameWidth="76" frameHeight="76"/>
    <SubTexture name="nav_pink_05" x="1" y="129" width="48" height="38" frameX="-13" frameY="-22" frameWidth="76" frameHeight="76"/>
    <SubTexture name="nav_pink_06" x="116" y="839" width="114" height="114"/>
    <SubTexture name="nav_purple_01" x="88" y="24" width="28" height="28" frameX="-24" frameY="-24" frameWidth="76" frameHeight="76"/>
    <SubTexture name="nav_purple_02" x="165" y="1" width="20" height="22" frameX="-28" frameY="-27" frameWidth="76" frameHeight="76"/>
    <SubTexture name="nav_purple_03" x="40" y="168" width="38" height="48" frameX="-22" frameY="-14" frameWidth="76" frameHeight="76"/>
    <SubTexture name="nav_purple_04" x="196" y="168" width="38" height="48" frameX="-15" frameY="-14" frameWidth="76" frameHeight="76"/>
    <SubTexture name="nav_purple_05" x="148" y="129" width="48" height="38" frameX="-14" frameY="-22" frameWidth="76" frameHeight="76"/>
    <SubTexture name="nav_purple_06" x="116" y="1069" width="114" height="114"/>
    <SubTexture name="nav_red_01" x="146" y="24" width="28" height="28" frameX="-24" frameY="-24" frameWidth="76" frameHeight="76"/>
    <SubTexture name="nav_red_02" x="144" y="1" width="20" height="22" frameX="-28" frameY="-27" frameWidth="76" frameHeight="76"/>
    <SubTexture name="nav_red_03" x="79" y="168" width="38" height="48" frameX="-22" frameY="-14" frameWidth="76" frameHeight="76"/>
    <SubTexture name="nav_red_04" x="118" y="168" width="38" height="48" frameX="-15" frameY="-14" frameWidth="76" frameHeight="76"/>
    <SubTexture name="nav_red_05" x="75" y="90" width="48" height="38" frameX="-14" frameY="-22" frameWidth="76" frameHeight="76"/>
    <SubTexture name="nav_red_06" x="1" y="1069" width="114" height="114"/>
    <SubTexture name="nav_yellow_01" x="1" y="24" width="28" height="28" frameX="-24" frameY="-24" frameWidth="76" frameHeight="76"/>
    <SubTexture name="nav_yellow_02" x="102" y="1" width="20" height="22" frameX="-28" frameY="-27" frameWidth="76" frameHeight="76"/>
    <SubTexture name="nav_yellow_03" x="157" y="168" width="38" height="48" frameX="-22" frameY="-14" frameWidth="76" frameHeight="76"/>
    <SubTexture name="nav_yellow_04" x="1" y="217" width="38" height="48" frameX="-15" frameY="-14" frameWidth="76" frameHeight="76"/>
    <SubTexture name="nav_yellow_05" x="50" y="129" width="48" height="38" frameX="-14" frameY="-22" frameWidth="76" frameHeight="76"/>
    <SubTexture name="nav_yellow_06" x="112" y="724" width="114" height="114"/>
    <SubTexture name="rot01" x="78" y="471" width="76" height="76"/>
    <SubTexture name="rot02" x="1" y="394" width="76" height="76"/>
    <SubTexture name="rot03" x="149" y="317" width="76" height="76"/>
    <SubTexture name="rot04" x="72" y="317" width="76" height="76"/>
    <SubTexture name="rot05" x="78" y="394" width="76" height="76"/>
    <SubTexture name="rot06" x="155" y="471" width="76" height="76"/>
    <SubTexture name="rot07" x="1" y="548" width="76" height="76"/>
    <SubTexture name="rot08" x="78" y="548" width="76" height="76"/>
    <SubTexture name="rot09" x="1" y="471" width="76" height="76"/>
    <SubTexture name="rot10" x="155" y="394" width="76" height="76"/>
</TextureAtlas>
