<?xml version="1.0" encoding="UTF-8"?>
<!-- Created with TexturePacker http://texturepacker.com-->
<!-- $TexturePacker:SmartUpdate:499a4d0e78d2a8281715b842f95bf458$ -->
<TextureAtlas imagePath="levelSelect.png">
    <SubTexture name="lvl-bar1" x="1" y="1" width="98" height="102"/>
    <SubTexture name="lvl-bar10" x="100" y="1" width="98" height="102"/>
    <SubTexture name="lvl-bar11" x="199" y="1" width="98" height="102"/>
    <SubTexture name="lvl-bar12" x="298" y="1" width="98" height="102"/>
    <SubTexture name="lvl-bar13" x="397" y="1" width="98" height="102"/>
    <SubTexture name="lvl-bar14" x="1" y="104" width="98" height="102"/>
    <SubTexture name="lvl-bar15" x="100" y="104" width="98" height="102"/>
    <SubTexture name="lvl-bar16" x="199" y="104" width="98" height="102"/>
    <SubTexture name="lvl-bar17" x="298" y="104" width="98" height="102"/>
    <SubTexture name="lvl-bar18" x="397" y="104" width="98" height="102"/>
    <SubTexture name="lvl-bar19" x="1" y="207" width="98" height="102"/>
    <SubTexture name="lvl-bar2" x="100" y="207" width="98" height="102"/>
    <SubTexture name="lvl-bar20" x="199" y="207" width="98" height="102"/>
    <SubTexture name="lvl-bar3" x="298" y="207" width="98" height="102"/>
    <SubTexture name="lvl-bar4" x="397" y="207" width="98" height="102"/>
    <SubTexture name="lvl-bar5" x="1" y="310" width="98" height="102"/>
    <SubTexture name="lvl-bar6" x="100" y="310" width="98" height="102"/>
    <SubTexture name="lvl-bar7" x="199" y="310" width="98" height="102"/>
    <SubTexture name="lvl-bar8" x="298" y="310" width="98" height="102"/>
    <SubTexture name="lvl-bar9" x="397" y="310" width="98" height="102"/>
    <SubTexture name="num0" x="1" y="413" width="26" height="42"/>
    <SubTexture name="num1" x="28" y="413" width="18" height="42"/>
    <SubTexture name="num2" x="47" y="413" width="26" height="42"/>
    <SubTexture name="num3" x="74" y="413" width="26" height="42"/>
    <SubTexture name="num4" x="101" y="413" width="28" height="42"/>
    <SubTexture name="num5" x="130" y="413" width="26" height="42"/>
    <SubTexture name="num6" x="157" y="413" width="26" height="42"/>
    <SubTexture name="num7" x="184" y="413" width="24" height="42"/>
    <SubTexture name="num8" x="209" y="413" width="26" height="42"/>
    <SubTexture name="num9" x="236" y="413" width="26" height="42"/>
    <SubTexture name="numLock" x="263" y="413" width="34" height="50"/>
    <SubTexture name="pop_01" x="298" y="413" width="30" height="30"/>
    <SubTexture name="pop_02" x="329" y="413" width="28" height="28"/>
</TextureAtlas>
