<?xml version="1.0" encoding="UTF-8"?>
<!-- Created with TexturePacker http://www.codeandweb.com/texturepacker-->
<!-- $TexturePacker:SmartUpdate:f89dd880dcc875a7280637bff7df6ac5:1/1$ -->
<TextureAtlas imagePath="uiAtlas.png">
    <SubTexture name="UI_back2" x="1" y="1" width="795" height="50"/>
    <SubTexture name="UI_hint" x="797" y="1" width="174" height="92"/>
    <SubTexture name="UI_lives" x="972" y="1" width="174" height="92"/>
    <SubTexture name="UI_lives0" x="1147" y="1" width="28" height="53" frameX="-3" frameY="-4" frameWidth="34" frameHeight="59"/>
    <SubTexture name="UI_lives1" x="1176" y="1" width="22" height="51" frameX="-4" frameY="-5" frameWidth="34" frameHeight="59"/>
    <SubTexture name="UI_lives2" x="1199" y="1" width="26" height="53" frameX="-4" frameY="-3" frameWidth="34" frameHeight="59"/>
    <SubTexture name="UI_lives3" x="1226" y="1" width="28" height="53" frameX="-2" frameY="-4" frameWidth="34" frameHeight="59"/>
    <SubTexture name="UI_lives4" x="1255" y="1" width="30" height="51" frameX="-1" frameY="-5" frameWidth="34" frameHeight="59"/>
    <SubTexture name="UI_lives5" x="1286" y="1" width="28" height="53" frameX="-3" frameY="-4" frameWidth="34" frameHeight="59"/>
    <SubTexture name="UI_lives6" x="1" y="94" width="28" height="53" frameX="-3" frameY="-4" frameWidth="34" frameHeight="59"/>
    <SubTexture name="UI_lives7" x="30" y="94" width="24" height="51" frameX="-4" frameY="-5" frameWidth="34" frameHeight="59"/>
    <SubTexture name="UI_lives8" x="55" y="94" width="28" height="53" frameX="-3" frameY="-4" frameWidth="34" frameHeight="59"/>
    <SubTexture name="UI_lives9" x="84" y="94" width="28" height="53" frameX="-3" frameY="-4" frameWidth="34" frameHeight="59"/>
    <SubTexture name="UI_lives_timer" x="113" y="94" width="76" height="68"/>
    <SubTexture name="UI_lives_unlim" x="190" y="94" width="174" height="92"/>
    <SubTexture name="UI_menu2" x="365" y="94" width="110" height="92"/>
    <SubTexture name="UI_move" x="476" y="94" width="174" height="92"/>
    <SubTexture name="UI_top" x="651" y="94" width="640" height="151"/>
</TextureAtlas>
