<?xml version="1.0" encoding="UTF-8"?>
<!-- Created with TexturePacker http://texturepacker.com-->
<!-- $TexturePacker:SmartUpdate:b83c7117c33d4703d15e9875f9e10d16$ -->
<TextureAtlas imagePath="blocks.png">
    <SubTexture name="01" x="148" y="0" width="94" height="100" frameX="-6" frameY="0" frameWidth="108" frameHeight="108"/>
    <SubTexture name="02" x="100" y="100" width="94" height="102" frameX="-6" frameY="-6" frameWidth="108" frameHeight="108"/>
    <SubTexture name="03" x="0" y="100" width="100" height="94" frameX="0" frameY="-6" frameWidth="108" frameHeight="108"/>
    <SubTexture name="04" x="0" y="202" width="102" height="94" frameX="-6" frameY="-6" frameWidth="108" frameHeight="108"/>
    <SubTexture name="05" x="94" y="296" width="102" height="102" frameX="0" frameY="0" frameWidth="108" frameHeight="108"/>
    <SubTexture name="06" x="0" y="404" width="102" height="102" frameX="-6" frameY="0" frameWidth="108" frameHeight="108"/>
    <SubTexture name="07" x="102" y="404" width="102" height="102" frameX="0" frameY="-6" frameWidth="108" frameHeight="108"/>
    <SubTexture name="08" x="0" y="506" width="102" height="102" frameX="-6" frameY="-6" frameWidth="108" frameHeight="108"/>
    <SubTexture name="09" x="0" y="296" width="94" height="108" frameX="-6" frameY="0" frameWidth="108" frameHeight="108"/>
    <SubTexture name="10" x="102" y="202" width="108" height="94" frameX="0" frameY="-6" frameWidth="108" frameHeight="108"/>
    <SubTexture name="11" x="0" y="717" width="108" height="102" frameX="0" frameY="0" frameWidth="108" frameHeight="108"/>
    <SubTexture name="12" x="108" y="717" width="108" height="102" frameX="0" frameY="-6" frameWidth="108" frameHeight="108"/>
    <SubTexture name="13" x="0" y="609" width="102" height="108" frameX="0" frameY="0" frameWidth="108" frameHeight="108"/>
    <SubTexture name="14" x="102" y="609" width="102" height="108" frameX="-6" frameY="0" frameWidth="108" frameHeight="108"/>
    <SubTexture name="15" x="107" y="1253" width="108" height="108"/>
    <SubTexture name="block" x="56" y="0" width="92" height="92" frameX="-8" frameY="-8" frameWidth="108" frameHeight="108"/>
    <SubTexture name="lock_01" x="0" y="0" width="14" height="14" frameX="-8" frameY="-8" frameWidth="108" frameHeight="108"/>
    <SubTexture name="lock_02" x="14" y="0" width="14" height="14" frameX="-86" frameY="-8" frameWidth="108" frameHeight="108"/>
    <SubTexture name="lock_03" x="42" y="0" width="14" height="14" frameX="-8" frameY="-86" frameWidth="108" frameHeight="108"/>
    <SubTexture name="lock_04" x="28" y="0" width="14" height="14" frameX="-86" frameY="-86" frameWidth="108" frameHeight="108"/>
    <SubTexture name="shadows/block_shadow0001" x="109" y="926" width="103" height="109" frameX="-11" frameY="-5" frameWidth="131" frameHeight="131"/>
    <SubTexture name="shadows/block_shadow0002" x="107" y="819" width="103" height="107" frameX="-11" frameY="-10" frameWidth="131" frameHeight="131"/>
    <SubTexture name="shadows/block_shadow0003" x="0" y="926" width="109" height="103" frameX="-5" frameY="-11" frameWidth="131" frameHeight="131"/>
    <SubTexture name="shadows/block_shadow0004" x="0" y="819" width="107" height="103" frameX="-10" frameY="-11" frameWidth="131" frameHeight="131"/>
    <SubTexture name="shadows/block_shadow0005" x="0" y="1473" width="109" height="109" frameX="-5" frameY="-5" frameWidth="131" frameHeight="131"/>
    <SubTexture name="shadows/block_shadow0006" x="0" y="1253" width="107" height="109" frameX="-10" frameY="-5" frameWidth="131" frameHeight="131"/>
    <SubTexture name="shadows/block_shadow0007" x="107" y="1146" width="109" height="107" frameX="-5" frameY="-10" frameWidth="131" frameHeight="131"/>
    <SubTexture name="shadows/block_shadow0008" x="0" y="1146" width="107" height="107" frameX="-10" frameY="-10" frameWidth="131" frameHeight="131"/>
    <SubTexture name="shadows/block_shadow0009" x="111" y="1035" width="103" height="111" frameX="-11" frameY="-6" frameWidth="131" frameHeight="131"/>
    <SubTexture name="shadows/block_shadow0010" x="0" y="1035" width="111" height="103" frameX="-6" frameY="-11" frameWidth="131" frameHeight="131"/>
    <SubTexture name="shadows/block_shadow0011" x="109" y="1473" width="111" height="109" frameX="-6" frameY="-5" frameWidth="131" frameHeight="131"/>
    <SubTexture name="shadows/block_shadow0012" x="107" y="1362" width="111" height="107" frameX="-6" frameY="-10" frameWidth="131" frameHeight="131"/>
    <SubTexture name="shadows/block_shadow0013" x="0" y="1582" width="109" height="111" frameX="-5" frameY="-6" frameWidth="131" frameHeight="131"/>
    <SubTexture name="shadows/block_shadow0014" x="0" y="1362" width="107" height="111" frameX="-10" frameY="-6" frameWidth="131" frameHeight="131"/>
    <SubTexture name="shadows/block_shadow0015" x="109" y="1582" width="111" height="111" frameX="-6" frameY="-6" frameWidth="131" frameHeight="131"/>
    <SubTexture name="shadows/block_shadow0016" x="102" y="506" width="103" height="103" frameX="-11" frameY="-11" frameWidth="131" frameHeight="131"/>
</TextureAtlas>
