<?xml version="1.0" encoding="UTF-8"?>
<!-- Created with TexturePacker http://texturepacker.com-->
<!-- $TexturePacker:SmartUpdate:a13a535cd47f52a1c73852dbf417dc6d$ -->
<TextureAtlas imagePath="boom.png">
    <SubTexture name="boom0001" x="0" y="504" width="1" height="1" frameX="0" frameY="0" frameWidth="218" frameHeight="218"/>
    <SubTexture name="boom0003" x="236" y="284" width="44" height="44" frameX="-85" frameY="-85" frameWidth="218" frameHeight="218"/>
    <SubTexture name="boom0005" x="240" y="240" width="44" height="44" frameX="-85" frameY="-85" frameWidth="218" frameHeight="218"/>
    <SubTexture name="boom0007" x="240" y="194" width="44" height="46" frameX="-85" frameY="-84" frameWidth="218" frameHeight="218"/>
    <SubTexture name="boom0009" x="284" y="296" width="94" height="94" frameX="-59" frameY="-59" frameWidth="218" frameHeight="218"/>
    <SubTexture name="boom0011" x="382" y="404" width="92" height="92" frameX="-60" frameY="-60" frameWidth="218" frameHeight="218"/>
    <SubTexture name="boom0013" x="382" y="312" width="92" height="92" frameX="-60" frameY="-60" frameWidth="218" frameHeight="218"/>
    <SubTexture name="boom0015" x="150" y="194" width="90" height="90" frameX="-62" frameY="-62" frameWidth="218" frameHeight="218"/>
    <SubTexture name="boom0017" x="382" y="124" width="108" height="90" frameX="-55" frameY="-62" frameWidth="218" frameHeight="218"/>
    <SubTexture name="boom0021" x="170" y="98" width="110" height="96" frameX="-45" frameY="-59" frameWidth="218" frameHeight="218"/>
    <SubTexture name="boom0023" x="170" y="0" width="110" height="98" frameX="-50" frameY="-58" frameWidth="218" frameHeight="218"/>
    <SubTexture name="boom0025" x="382" y="214" width="96" height="98" frameX="-59" frameY="-58" frameWidth="218" frameHeight="218"/>
    <SubTexture name="boom0027" x="284" y="198" width="98" height="98" frameX="-57" frameY="-58" frameWidth="218" frameHeight="218"/>
    <SubTexture name="boom0029" x="284" y="0" width="98" height="100" frameX="-57" frameY="-56" frameWidth="218" frameHeight="218"/>
    <SubTexture name="boom0031" x="284" y="100" width="98" height="98" frameX="-57" frameY="-58" frameWidth="218" frameHeight="218"/>
    <SubTexture name="boom0033" x="382" y="0" width="120" height="124" frameX="-46" frameY="-45" frameWidth="218" frameHeight="218"/>
    <SubTexture name="boom0035" x="0" y="332" width="144" height="150" frameX="-35" frameY="-32" frameWidth="218" frameHeight="218"/>
    <SubTexture name="boom0037" x="0" y="0" width="170" height="178" frameX="-22" frameY="-18" frameWidth="218" frameHeight="218"/>
    <SubTexture name="boom0039" x="0" y="178" width="150" height="154" frameX="-32" frameY="-30" frameWidth="218" frameHeight="218"/>
    <SubTexture name="boom0041" x="144" y="332" width="120" height="124" frameX="-47" frameY="-45" frameWidth="218" frameHeight="218"/>
    <SubTexture name="boom0043" x="284" y="390" width="70" height="70" frameX="-72" frameY="-72" frameWidth="218" frameHeight="218"/>
    <SubTexture name="boom0045" x="150" y="284" width="86" height="44" frameX="-64" frameY="-85" frameWidth="218" frameHeight="218"/>
    <SubTexture name="boom0047" x="0" y="482" width="106" height="22" frameX="-54" frameY="-96" frameWidth="218" frameHeight="218"/>
    <SubTexture name="boom0049" x="106" y="482" width="122" height="20" frameX="-46" frameY="-97" frameWidth="218" frameHeight="218"/>
    <SubTexture name="boom0051" x="144" y="456" width="140" height="18" frameX="-37" frameY="-97" frameWidth="218" frameHeight="218"/>
    <SubTexture name="boom0053" x="228" y="474" width="154" height="16" frameX="-31" frameY="-98" frameWidth="218" frameHeight="218"/>
</TextureAtlas>
