<?xml version="1.0" encoding="UTF-8"?>
<!-- Created with TexturePacker http://texturepacker.com-->
<!-- $TexturePacker:SmartUpdate:3ebf159bfb791d1f61b68f1632fabe0d$ -->
<TextureAtlas imagePath="elements.png">
    <SubTexture name="ball_01" x="141" y="36" width="44" height="44" frameX="-24" frameY="-24" frameWidth="92" frameHeight="92"/>
    <SubTexture name="ball_02" x="456" y="36" width="44" height="44" frameX="-24" frameY="-24" frameWidth="92" frameHeight="92"/>
    <SubTexture name="ball_03" x="231" y="36" width="44" height="44" frameX="-24" frameY="-24" frameWidth="92" frameHeight="92"/>
    <SubTexture name="ball_04" x="411" y="36" width="44" height="44" frameX="-24" frameY="-24" frameWidth="92" frameHeight="92"/>
    <SubTexture name="ball_05" x="366" y="36" width="44" height="44" frameX="-24" frameY="-24" frameWidth="92" frameHeight="92"/>
    <SubTexture name="ball_06" x="321" y="36" width="44" height="44" frameX="-24" frameY="-24" frameWidth="92" frameHeight="92"/>
    <SubTexture name="ball_07" x="186" y="36" width="44" height="44" frameX="-24" frameY="-24" frameWidth="92" frameHeight="92"/>
    <SubTexture name="ball_08" x="276" y="36" width="44" height="44" frameX="-24" frameY="-24" frameWidth="92" frameHeight="92"/>
    <SubTexture name="ball_light" x="246" y="195" width="62" height="59" frameX="-3" frameY="-2" frameWidth="70" frameHeight="63"/>
    <SubTexture name="ball_shadow" x="373" y="381" width="101" height="101" frameX="-20" frameY="-20" frameWidth="141" frameHeight="141"/>
    <SubTexture name="block_light" x="74" y="1" width="64" height="6" frameX="-22" frameY="-8" frameWidth="108" frameHeight="108"/>
    <SubTexture name="block_lightup" x="1" y="1" width="72" height="6"/>
    <SubTexture name="elevator" x="1" y="483" width="108" height="108"/>
    <SubTexture name="elevator_light" x="309" y="195" width="84" height="82" frameX="-3" frameY="-5" frameWidth="92" frameHeight="92"/>
    <SubTexture name="elevator_shadow" x="110" y="483" width="111" height="111" frameX="-6" frameY="-6" frameWidth="131" frameHeight="131"/>
    <SubTexture name="nav_blue_01" x="390" y="1" width="34" height="34" frameX="-29" frameY="-29" frameWidth="92" frameHeight="92"/>
    <SubTexture name="nav_blue_02" x="139" y="1" width="26" height="26" frameX="-33" frameY="-34" frameWidth="92" frameHeight="92"/>
    <SubTexture name="nav_blue_03" x="246" y="138" width="48" height="56" frameX="-26" frameY="-19" frameWidth="92" frameHeight="92"/>
    <SubTexture name="nav_blue_04" x="50" y="195" width="48" height="56" frameX="-17" frameY="-19" frameWidth="92" frameHeight="92"/>
    <SubTexture name="nav_blue_05" x="174" y="81" width="56" height="48" frameX="-19" frameY="-26" frameWidth="92" frameHeight="92"/>
    <SubTexture name="nav_blue_06" x="1" y="761" width="138" height="138"/>
    <SubTexture name="nav_gray_01" x="460" y="1" width="34" height="34" frameX="-29" frameY="-29" frameWidth="92" frameHeight="92"/>
    <SubTexture name="nav_gray_02" x="220" y="1" width="26" height="26" frameX="-33" frameY="-34" frameWidth="92" frameHeight="92"/>
    <SubTexture name="nav_gray_03" x="295" y="138" width="48" height="56" frameX="-26" frameY="-19" frameWidth="92" frameHeight="92"/>
    <SubTexture name="nav_gray_04" x="344" y="138" width="48" height="56" frameX="-17" frameY="-19" frameWidth="92" frameHeight="92"/>
    <SubTexture name="nav_gray_05" x="345" y="81" width="56" height="48" frameX="-19" frameY="-26" frameWidth="92" frameHeight="92"/>
    <SubTexture name="nav_gray_06" x="222" y="483" width="134" height="134" frameX="-2" frameY="-2" frameWidth="138" frameHeight="138"/>
    <SubTexture name="nav_green_01" x="355" y="1" width="34" height="34" frameX="-29" frameY="-29" frameWidth="92" frameHeight="92"/>
    <SubTexture name="nav_green_02" x="193" y="1" width="26" height="26" frameX="-33" frameY="-34" frameWidth="92" frameHeight="92"/>
    <SubTexture name="nav_green_03" x="393" y="138" width="48" height="56" frameX="-26" frameY="-19" frameWidth="92" frameHeight="92"/>
    <SubTexture name="nav_green_04" x="442" y="138" width="48" height="56" frameX="-17" frameY="-19" frameWidth="92" frameHeight="92"/>
    <SubTexture name="nav_green_05" x="1" y="81" width="56" height="48" frameX="-19" frameY="-26" frameWidth="92" frameHeight="92"/>
    <SubTexture name="nav_green_06" x="279" y="622" width="138" height="138"/>
    <SubTexture name="nav_orange_01" x="36" y="36" width="34" height="34" frameX="-29" frameY="-29" frameWidth="92" frameHeight="92"/>
    <SubTexture name="nav_orange_02" x="301" y="1" width="26" height="26" frameX="-33" frameY="-34" frameWidth="92" frameHeight="92"/>
    <SubTexture name="nav_orange_03" x="1" y="195" width="48" height="56" frameX="-26" frameY="-19" frameWidth="92" frameHeight="92"/>
    <SubTexture name="nav_orange_04" x="197" y="138" width="48" height="56" frameX="-17" frameY="-19" frameWidth="92" frameHeight="92"/>
    <SubTexture name="nav_orange_05" x="117" y="81" width="56" height="48" frameX="-19" frameY="-26" frameWidth="92" frameHeight="92"/>
    <SubTexture name="nav_orange_06" x="140" y="761" width="138" height="138"/>
    <SubTexture name="nav_pink_01" x="106" y="36" width="34" height="36" frameX="-29" frameY="-28" frameWidth="92" frameHeight="92"/>
    <SubTexture name="nav_pink_02" x="328" y="1" width="26" height="28" frameX="-33" frameY="-32" frameWidth="92" frameHeight="92"/>
    <SubTexture name="nav_pink_03" x="148" y="195" width="48" height="58" frameX="-26" frameY="-17" frameWidth="92" frameHeight="92"/>
    <SubTexture name="nav_pink_04" x="197" y="195" width="48" height="58" frameX="-17" frameY="-17" frameWidth="92" frameHeight="92"/>
    <SubTexture name="nav_pink_05" x="58" y="81" width="58" height="48" frameX="-17" frameY="-26" frameWidth="92" frameHeight="92"/>
    <SubTexture name="nav_pink_06" x="1" y="622" width="138" height="138"/>
    <SubTexture name="nav_purple_01" x="71" y="36" width="34" height="34" frameX="-29" frameY="-29" frameWidth="92" frameHeight="92"/>
    <SubTexture name="nav_purple_02" x="247" y="1" width="26" height="26" frameX="-33" frameY="-34" frameWidth="92" frameHeight="92"/>
    <SubTexture name="nav_purple_03" x="459" y="81" width="48" height="56" frameX="-26" frameY="-19" frameWidth="92" frameHeight="92"/>
    <SubTexture name="nav_purple_04" x="99" y="138" width="48" height="56" frameX="-17" frameY="-19" frameWidth="92" frameHeight="92"/>
    <SubTexture name="nav_purple_05" x="288" y="81" width="56" height="48" frameX="-19" frameY="-26" frameWidth="92" frameHeight="92"/>
    <SubTexture name="nav_purple_06" x="279" y="761" width="138" height="138"/>
    <SubTexture name="nav_red_01" x="1" y="36" width="34" height="34" frameX="-29" frameY="-29" frameWidth="92" frameHeight="92"/>
    <SubTexture name="nav_red_02" x="274" y="1" width="26" height="26" frameX="-33" frameY="-34" frameWidth="92" frameHeight="92"/>
    <SubTexture name="nav_red_03" x="1" y="138" width="48" height="56" frameX="-26" frameY="-19" frameWidth="92" frameHeight="92"/>
    <SubTexture name="nav_red_04" x="50" y="138" width="48" height="56" frameX="-17" frameY="-19" frameWidth="92" frameHeight="92"/>
    <SubTexture name="nav_red_05" x="231" y="81" width="56" height="48" frameX="-19" frameY="-26" frameWidth="92" frameHeight="92"/>
    <SubTexture name="nav_red_06" x="357" y="483" width="138" height="138"/>
    <SubTexture name="nav_yellow_01" x="425" y="1" width="34" height="34" frameX="-29" frameY="-29" frameWidth="92" frameHeight="92"/>
    <SubTexture name="nav_yellow_02" x="166" y="1" width="26" height="26" frameX="-33" frameY="-34" frameWidth="92" frameHeight="92"/>
    <SubTexture name="nav_yellow_03" x="148" y="138" width="48" height="56" frameX="-26" frameY="-19" frameWidth="92" frameHeight="92"/>
    <SubTexture name="nav_yellow_04" x="99" y="195" width="48" height="58" frameX="-17" frameY="-17" frameWidth="92" frameHeight="92"/>
    <SubTexture name="nav_yellow_05" x="402" y="81" width="56" height="48" frameX="-19" frameY="-26" frameWidth="92" frameHeight="92"/>
    <SubTexture name="nav_yellow_06" x="140" y="622" width="138" height="138"/>
    <SubTexture name="rot01" x="1" y="288" width="92" height="92"/>
    <SubTexture name="rot02" x="94" y="288" width="92" height="92"/>
    <SubTexture name="rot03" x="280" y="381" width="92" height="92"/>
    <SubTexture name="rot04" x="394" y="195" width="92" height="92"/>
    <SubTexture name="rot05" x="187" y="288" width="92" height="92"/>
    <SubTexture name="rot06" x="94" y="381" width="92" height="92"/>
    <SubTexture name="rot07" x="187" y="381" width="92" height="92"/>
    <SubTexture name="rot08" x="1" y="381" width="92" height="92"/>
    <SubTexture name="rot09" x="373" y="288" width="92" height="92"/>
    <SubTexture name="rot10" x="280" y="288" width="92" height="92"/>
</TextureAtlas>
