<?xml version="1.0" encoding="UTF-8"?>
<!-- Created with TexturePacker http://texturepacker.com-->
<!-- $TexturePacker:SmartUpdate:480e79cfa82cebcb32ade491d2d0194c$ -->
<TextureAtlas imagePath="levelSelect.png">
    <SubTexture name="lvl-bar1" x="2" y="488" width="120" height="122"/>
    <SubTexture name="lvl-bar10" x="124" y="612" width="120" height="122"/>
    <SubTexture name="lvl-bar11" x="2" y="612" width="120" height="122"/>
    <SubTexture name="lvl-bar12" x="2" y="736" width="120" height="122"/>
    <SubTexture name="lvl-bar13" x="124" y="488" width="120" height="122"/>
    <SubTexture name="lvl-bar14" x="124" y="364" width="120" height="122"/>
    <SubTexture name="lvl-bar15" x="2" y="364" width="120" height="122"/>
    <SubTexture name="lvl-bar16" x="124" y="736" width="120" height="122"/>
    <SubTexture name="lvl-bar17" x="2" y="984" width="120" height="122"/>
    <SubTexture name="lvl-bar18" x="124" y="1108" width="120" height="122"/>
    <SubTexture name="lvl-bar19" x="124" y="1232" width="120" height="122"/>
    <SubTexture name="lvl-bar2" x="2" y="1232" width="120" height="122"/>
    <SubTexture name="lvl-bar20" x="2" y="1108" width="120" height="122"/>
    <SubTexture name="lvl-bar3" x="124" y="984" width="120" height="122"/>
    <SubTexture name="lvl-bar4" x="124" y="860" width="120" height="122"/>
    <SubTexture name="lvl-bar5" x="2" y="860" width="120" height="122"/>
    <SubTexture name="lvl-bar6" x="124" y="240" width="120" height="122"/>
    <SubTexture name="lvl-bar7" x="2" y="240" width="120" height="122"/>
    <SubTexture name="lvl-bar8" x="124" y="116" width="120" height="122"/>
    <SubTexture name="lvl-bar9" x="2" y="116" width="120" height="122"/>
    <SubTexture name="num0" x="162" y="2" width="30" height="50"/>
    <SubTexture name="num1" x="140" y="2" width="20" height="50"/>
    <SubTexture name="num2" x="108" y="2" width="30" height="50"/>
    <SubTexture name="num3" x="76" y="2" width="30" height="50"/>
    <SubTexture name="num4" x="2" y="54" width="32" height="50"/>
    <SubTexture name="num5" x="194" y="2" width="30" height="50"/>
    <SubTexture name="num6" x="100" y="54" width="30" height="50"/>
    <SubTexture name="num7" x="132" y="54" width="30" height="50"/>
    <SubTexture name="num8" x="68" y="54" width="30" height="50"/>
    <SubTexture name="num9" x="36" y="54" width="30" height="50"/>
    <SubTexture name="numLock" x="164" y="54" width="40" height="60"/>
    <SubTexture name="pop_01" x="39" y="2" width="35" height="35"/>
    <SubTexture name="pop_02" x="2" y="2" width="35" height="35"/>
</TextureAtlas>
