<?xml version="1.0" encoding="UTF-8"?>
<!-- Created with TexturePacker http://www.codeandweb.com/texturepacker-->
<!-- $TexturePacker:SmartUpdate:7633f19ba01bcb69d5bda1334f98074f:1/1$ -->
<TextureAtlas imagePath="uiAtlas.png">
    <SubTexture name="UI_back2" x="1" y="1" width="780" height="48"/>
    <SubTexture name="UI_hint" x="782" y="1" width="166" height="88"/>
    <SubTexture name="UI_lives" x="949" y="1" width="166" height="88"/>
    <SubTexture name="UI_lives0" x="1116" y="1" width="26" height="50" frameX="-3" frameY="-4" frameWidth="32" frameHeight="56"/>
    <SubTexture name="UI_lives1" x="1143" y="1" width="20" height="48" frameX="-4" frameY="-5" frameWidth="32" frameHeight="56"/>
    <SubTexture name="UI_lives2" x="1164" y="1" width="26" height="50" frameX="-3" frameY="-3" frameWidth="32" frameHeight="56"/>
    <SubTexture name="UI_lives3" x="1191" y="1" width="28" height="50" frameX="-1" frameY="-4" frameWidth="32" frameHeight="56"/>
    <SubTexture name="UI_lives4" x="1220" y="1" width="28" height="48" frameX="-2" frameY="-5" frameWidth="32" frameHeight="56"/>
    <SubTexture name="UI_lives5" x="1249" y="1" width="28" height="50" frameX="-1" frameY="-4" frameWidth="32" frameHeight="56"/>
    <SubTexture name="UI_lives6" x="1278" y="1" width="28" height="50" frameX="-2" frameY="-4" frameWidth="32" frameHeight="56"/>
    <SubTexture name="UI_lives7" x="1307" y="1" width="22" height="48" frameX="-4" frameY="-5" frameWidth="32" frameHeight="56"/>
    <SubTexture name="UI_lives8" x="1330" y="1" width="28" height="50" frameX="-1" frameY="-4" frameWidth="32" frameHeight="56"/>
    <SubTexture name="UI_lives9" x="1359" y="1" width="28" height="50" frameX="-2" frameY="-4" frameWidth="32" frameHeight="56"/>
    <SubTexture name="UI_lives_timer" x="1388" y="1" width="73" height="65"/>
    <SubTexture name="UI_lives_unlim" x="1462" y="1" width="166" height="88"/>
    <SubTexture name="UI_menu2" x="1629" y="1" width="105" height="88"/>
    <SubTexture name="UI_move" x="1735" y="1" width="166" height="88"/>
</TextureAtlas>
