<?xml version="1.0" encoding="UTF-8"?>
<!-- Created with TexturePacker http://texturepacker.com-->
<!-- $TexturePacker:SmartUpdate:b61c84a8ceeb68bc19a0d423715d6e71$ -->
<TextureAtlas imagePath="blocks.png">
    <SubTexture name="01" x="193" y="581" width="184" height="200" frameX="-16" frameY="0" frameWidth="216" frameHeight="216"/>
    <SubTexture name="02" x="217" y="783" width="184" height="200" frameX="-16" frameY="-15" frameWidth="216" frameHeight="216"/>
    <SubTexture name="03" x="523" y="1" width="200" height="184" frameX="0" frameY="-16" frameWidth="216" frameHeight="216"/>
    <SubTexture name="04" x="725" y="1" width="200" height="184" frameX="-15" frameY="-16" frameWidth="216" frameHeight="216"/>
    <SubTexture name="05" x="811" y="379" width="200" height="200" frameX="0" frameY="0" frameWidth="216" frameHeight="216"/>
    <SubTexture name="06" x="609" y="379" width="200" height="200" frameX="-15" frameY="0" frameWidth="216" frameHeight="216"/>
    <SubTexture name="07" x="1" y="379" width="200" height="200" frameX="0" frameY="-15" frameWidth="216" frameHeight="216"/>
    <SubTexture name="08" x="595" y="581" width="200" height="200" frameX="-15" frameY="-15" frameWidth="216" frameHeight="216"/>
    <SubTexture name="09" x="623" y="1201" width="184" height="214" frameX="-16" frameY="-1" frameWidth="216" frameHeight="216"/>
    <SubTexture name="10" x="121" y="1" width="214" height="184" frameX="-1" frameY="-16" frameWidth="216" frameHeight="216"/>
    <SubTexture name="11" x="1" y="783" width="214" height="200" frameX="-1" frameY="0" frameWidth="216" frameHeight="216"/>
    <SubTexture name="12" x="379" y="581" width="214" height="200" frameX="-1" frameY="-15" frameWidth="216" frameHeight="216"/>
    <SubTexture name="13" x="809" y="1201" width="200" height="214" frameX="0" frameY="-1" frameWidth="216" frameHeight="216"/>
    <SubTexture name="14" x="205" y="1201" width="200" height="214" frameX="-15" frameY="-1" frameWidth="216" frameHeight="216"/>
    <SubTexture name="15" x="407" y="1201" width="214" height="214" frameX="-1" frameY="-1" frameWidth="216" frameHeight="216"/>
    <SubTexture name="block" x="337" y="1" width="184" height="184" frameX="-16" frameY="-16" frameWidth="216" frameHeight="216"/>
    <SubTexture name="lock_01" x="61" y="1" width="28" height="28" frameX="-16" frameY="-16" frameWidth="216" frameHeight="216"/>
    <SubTexture name="lock_02" x="1" y="1" width="28" height="28" frameX="-172" frameY="-16" frameWidth="216" frameHeight="216"/>
    <SubTexture name="lock_03" x="91" y="1" width="28" height="28" frameX="-16" frameY="-172" frameWidth="216" frameHeight="216"/>
    <SubTexture name="lock_04" x="31" y="1" width="28" height="28" frameX="-172" frameY="-172" frameWidth="216" frameHeight="216"/>
    <SubTexture name="shadows/block_shadow0001" x="203" y="987" width="190" height="202" frameX="-18" frameY="-6" frameWidth="228" frameHeight="228"/>
    <SubTexture name="shadows/block_shadow0002" x="1" y="581" width="190" height="200" frameX="-18" frameY="-19" frameWidth="228" frameHeight="228"/>
    <SubTexture name="shadows/block_shadow0003" x="417" y="187" width="202" height="190" frameX="-6" frameY="-18" frameWidth="228" frameHeight="228"/>
    <SubTexture name="shadows/block_shadow0004" x="215" y="187" width="200" height="190" frameX="-19" frameY="-18" frameWidth="228" frameHeight="228"/>
    <SubTexture name="shadows/block_shadow0005" x="617" y="783" width="202" height="202" frameX="-6" frameY="-6" frameWidth="228" frameHeight="228"/>
    <SubTexture name="shadows/block_shadow0006" x="1" y="987" width="200" height="202" frameX="-19" frameY="-6" frameWidth="228" frameHeight="228"/>
    <SubTexture name="shadows/block_shadow0007" x="203" y="379" width="202" height="200" frameX="-6" frameY="-19" frameWidth="228" frameHeight="228"/>
    <SubTexture name="shadows/block_shadow0008" x="407" y="379" width="200" height="200" frameX="-19" frameY="-19" frameWidth="228" frameHeight="228"/>
    <SubTexture name="shadows/block_shadow0009" x="811" y="987" width="190" height="212" frameX="-18" frameY="-7" frameWidth="228" frameHeight="228"/>
    <SubTexture name="shadows/block_shadow0010" x="1" y="187" width="212" height="190" frameX="-7" frameY="-18" frameWidth="228" frameHeight="228"/>
    <SubTexture name="shadows/block_shadow0011" x="403" y="783" width="212" height="202" frameX="-7" frameY="-6" frameWidth="228" frameHeight="228"/>
    <SubTexture name="shadows/block_shadow0012" x="797" y="581" width="212" height="200" frameX="-7" frameY="-19" frameWidth="228" frameHeight="228"/>
    <SubTexture name="shadows/block_shadow0013" x="1" y="1201" width="202" height="212" frameX="-6" frameY="-7" frameWidth="228" frameHeight="228"/>
    <SubTexture name="shadows/block_shadow0014" x="395" y="987" width="200" height="212" frameX="-19" frameY="-7" frameWidth="228" frameHeight="228"/>
    <SubTexture name="shadows/block_shadow0015" x="597" y="987" width="212" height="212" frameX="-7" frameY="-7" frameWidth="228" frameHeight="228"/>
    <SubTexture name="shadows/block_shadow0016" x="621" y="187" width="190" height="190" frameX="-18" frameY="-18" frameWidth="228" frameHeight="228"/>
</TextureAtlas>
