<?xml version="1.0" encoding="UTF-8"?>
<!-- Created with TexturePacker http://texturepacker.com-->
<!-- $TexturePacker:SmartUpdate:12a4d249f8f093f2ae675e71b10bf7fd$ -->
<TextureAtlas imagePath="boom.png">
    <SubTexture name="boom0001" x="946" y="173" width="1" height="1" frameX="0" frameY="0" frameWidth="356" frameHeight="310"/>
    <SubTexture name="boom0003" x="637" y="233" width="86" height="86" frameX="-136" frameY="-110" frameWidth="356" frameHeight="310"/>
    <SubTexture name="boom0005" x="1933" y="89" width="86" height="88" frameX="-136" frameY="-110" frameWidth="356" frameHeight="310"/>
    <SubTexture name="boom0007" x="1933" y="0" width="86" height="88" frameX="-136" frameY="-110" frameWidth="356" frameHeight="310"/>
    <SubTexture name="boom0009" x="1748" y="0" width="184" height="184" frameX="-87" frameY="-61" frameWidth="356" frameHeight="310"/>
    <SubTexture name="boom0011" x="912" y="175" width="180" height="180" frameX="-88" frameY="-62" frameWidth="356" frameHeight="310"/>
    <SubTexture name="boom0013" x="1093" y="175" width="178" height="178" frameX="-90" frameY="-64" frameWidth="356" frameHeight="310"/>
    <SubTexture name="boom0015" x="1616" y="189" width="174" height="174" frameX="-92" frameY="-66" frameWidth="356" frameHeight="310"/>
    <SubTexture name="boom0017" x="946" y="0" width="214" height="172" frameX="-73" frameY="-66" frameWidth="356" frameHeight="310"/>
    <SubTexture name="boom0021" x="1161" y="0" width="210" height="174" frameX="-55" frameY="-66" frameWidth="356" frameHeight="310"/>
    <SubTexture name="boom0023" x="725" y="0" width="220" height="174" frameX="-66" frameY="-66" frameWidth="356" frameHeight="310"/>
    <SubTexture name="boom0025" x="725" y="175" width="186" height="174" frameX="-83" frameY="-67" frameWidth="356" frameHeight="310"/>
    <SubTexture name="boom0027" x="1272" y="195" width="176" height="170" frameX="-88" frameY="-67" frameWidth="356" frameHeight="310"/>
    <SubTexture name="boom0029" x="1449" y="195" width="166" height="170" frameX="-96" frameY="-67" frameWidth="356" frameHeight="310"/>
    <SubTexture name="boom0031" x="1791" y="185" width="170" height="172" frameX="-96" frameY="-64" frameWidth="356" frameHeight="310"/>
    <SubTexture name="boom0033" x="1372" y="0" width="190" height="194" frameX="-84" frameY="-56" frameWidth="356" frameHeight="310"/>
    <SubTexture name="boom0035" x="498" y="0" width="226" height="232" frameX="-66" frameY="-37" frameWidth="356" frameHeight="310"/>
    <SubTexture name="boom0037" x="0" y="0" width="262" height="270" frameX="-47" frameY="-18" frameWidth="356" frameHeight="310"/>
    <SubTexture name="boom0039" x="263" y="0" width="234" height="236" frameX="-62" frameY="-35" frameWidth="356" frameHeight="310"/>
    <SubTexture name="boom0041" x="1563" y="0" width="184" height="188" frameX="-86" frameY="-59" frameWidth="356" frameHeight="310"/>
    <SubTexture name="boom0043" x="498" y="233" width="138" height="114" frameX="-108" frameY="-95" frameWidth="356" frameHeight="310"/>
    <SubTexture name="boom0045" x="315" y="268" width="174" height="68" frameX="-91" frameY="-118" frameWidth="356" frameHeight="310"/>
    <SubTexture name="boom0047" x="263" y="237" width="212" height="30" frameX="-71" frameY="-137" frameWidth="356" frameHeight="310"/>
    <SubTexture name="boom0049" x="0" y="319" width="246" height="26" frameX="-55" frameY="-139" frameWidth="356" frameHeight="310"/>
    <SubTexture name="boom0051" x="0" y="271" width="282" height="24" frameX="-36" frameY="-141" frameWidth="356" frameHeight="310"/>
    <SubTexture name="boom0053" x="0" y="296" width="314" height="22" frameX="-23" frameY="-142" frameWidth="356" frameHeight="310"/>
</TextureAtlas>
