<?xml version="1.0" encoding="UTF-8"?>
<!-- Created with TexturePacker http://texturepacker.com-->
<!-- $TexturePacker:SmartUpdate:96eac820fb691364e66ceb67c96f5788$ -->
<TextureAtlas imagePath="elements.png">
    <SubTexture name="ball_01" x="143" y="70" width="86" height="88" frameX="-49" frameY="-49" frameWidth="184" frameHeight="184"/>
    <SubTexture name="ball_02" x="578" y="70" width="86" height="88" frameX="-49" frameY="-49" frameWidth="184" frameHeight="184"/>
    <SubTexture name="ball_03" x="752" y="70" width="86" height="88" frameX="-49" frameY="-49" frameWidth="184" frameHeight="184"/>
    <SubTexture name="ball_04" x="491" y="70" width="86" height="88" frameX="-49" frameY="-49" frameWidth="184" frameHeight="184"/>
    <SubTexture name="ball_05" x="404" y="70" width="86" height="88" frameX="-49" frameY="-49" frameWidth="184" frameHeight="184"/>
    <SubTexture name="ball_06" x="665" y="70" width="86" height="88" frameX="-49" frameY="-49" frameWidth="184" frameHeight="184"/>
    <SubTexture name="ball_07" x="230" y="70" width="86" height="88" frameX="-49" frameY="-49" frameWidth="184" frameHeight="184"/>
    <SubTexture name="ball_08" x="317" y="70" width="86" height="88" frameX="-49" frameY="-49" frameWidth="184" frameHeight="184"/>
    <SubTexture name="ball_light" x="461" y="415" width="123" height="118" frameX="-5" frameY="-4" frameWidth="139" frameHeight="126"/>
    <SubTexture name="ball_shadow" x="741" y="785" width="206" height="206" frameX="-10" frameY="-10" frameWidth="228" frameHeight="228"/>
    <SubTexture name="block_light" x="425" y="1" width="64" height="6" frameX="-22" frameY="-8" frameWidth="108" frameHeight="108"/>
    <SubTexture name="block_lightup" x="70" y="70" width="72" height="6"/>
    <SubTexture name="elevator" x="214" y="992" width="214" height="214" frameX="-1" frameY="-1" frameWidth="216" frameHeight="216"/>
    <SubTexture name="elevator_light" x="585" y="415" width="164" height="164" frameX="-9" frameY="-10" frameWidth="184" frameHeight="184"/>
    <SubTexture name="elevator_shadow" x="1" y="992" width="212" height="212" frameX="-7" frameY="-7" frameWidth="228" frameHeight="228"/>
    <SubTexture name="nav_blue_01" x="490" y="1" width="68" height="68" frameX="-58" frameY="-59" frameWidth="184" frameHeight="184"/>
    <SubTexture name="nav_blue_02" x="107" y="1" width="52" height="52" frameX="-66" frameY="-67" frameWidth="184" frameHeight="184"/>
    <SubTexture name="nav_blue_03" x="381" y="300" width="94" height="114" frameX="-53" frameY="-36" frameWidth="184" frameHeight="184"/>
    <SubTexture name="nav_blue_04" x="286" y="300" width="94" height="114" frameX="-36" frameY="-36" frameWidth="184" frameHeight="184"/>
    <SubTexture name="nav_blue_05" x="591" y="300" width="114" height="94" frameX="-36" frameY="-53" frameWidth="184" frameHeight="184"/>
    <SubTexture name="nav_blue_06" x="278" y="1269" width="276" height="276"/>
    <SubTexture name="nav_gray_01" x="904" y="1" width="68" height="68" frameX="-58" frameY="-59" frameWidth="184" frameHeight="184"/>
    <SubTexture name="nav_gray_02" x="54" y="1" width="52" height="52" frameX="-66" frameY="-67" frameWidth="184" frameHeight="184"/>
    <SubTexture name="nav_gray_03" x="1" y="300" width="94" height="114" frameX="-53" frameY="-36" frameWidth="184" frameHeight="184"/>
    <SubTexture name="nav_gray_04" x="856" y="185" width="94" height="114" frameX="-36" frameY="-36" frameWidth="184" frameHeight="184"/>
    <SubTexture name="nav_gray_05" x="821" y="300" width="114" height="94" frameX="-36" frameY="-53" frameWidth="184" frameHeight="184"/>
    <SubTexture name="nav_gray_06" x="429" y="992" width="266" height="266" frameX="-5" frameY="-5" frameWidth="276" frameHeight="276"/>
    <SubTexture name="nav_green_01" x="697" y="1" width="68" height="68" frameX="-58" frameY="-59" frameWidth="184" frameHeight="184"/>
    <SubTexture name="nav_green_02" x="372" y="1" width="52" height="52" frameX="-66" frameY="-67" frameWidth="184" frameHeight="184"/>
    <SubTexture name="nav_green_03" x="96" y="300" width="94" height="114" frameX="-53" frameY="-36" frameWidth="184" frameHeight="184"/>
    <SubTexture name="nav_green_04" x="191" y="300" width="94" height="114" frameX="-36" frameY="-36" frameWidth="184" frameHeight="184"/>
    <SubTexture name="nav_green_05" x="231" y="415" width="114" height="94" frameX="-36" frameY="-53" frameWidth="184" frameHeight="184"/>
    <SubTexture name="nav_green_06" x="555" y="1546" width="276" height="276"/>
    <SubTexture name="nav_orange_01" x="1" y="70" width="68" height="68" frameX="-58" frameY="-59" frameWidth="184" frameHeight="184"/>
    <SubTexture name="nav_orange_02" x="266" y="1" width="52" height="52" frameX="-66" frameY="-67" frameWidth="184" frameHeight="184"/>
    <SubTexture name="nav_orange_03" x="1" y="185" width="94" height="114" frameX="-53" frameY="-36" frameWidth="184" frameHeight="184"/>
    <SubTexture name="nav_orange_04" x="761" y="185" width="94" height="114" frameX="-36" frameY="-36" frameWidth="184" frameHeight="184"/>
    <SubTexture name="nav_orange_05" x="1" y="415" width="114" height="94" frameX="-36" frameY="-53" frameWidth="184" frameHeight="184"/>
    <SubTexture name="nav_orange_06" x="1" y="1269" width="276" height="276"/>
    <SubTexture name="nav_pink_01" x="835" y="1" width="68" height="68" frameX="-58" frameY="-59" frameWidth="184" frameHeight="184"/>
    <SubTexture name="nav_pink_02" x="319" y="1" width="52" height="52" frameX="-66" frameY="-67" frameWidth="184" frameHeight="184"/>
    <SubTexture name="nav_pink_03" x="839" y="70" width="94" height="114" frameX="-53" frameY="-36" frameWidth="184" frameHeight="184"/>
    <SubTexture name="nav_pink_04" x="571" y="185" width="94" height="114" frameX="-36" frameY="-36" frameWidth="184" frameHeight="184"/>
    <SubTexture name="nav_pink_05" x="346" y="415" width="114" height="94" frameX="-36" frameY="-53" frameWidth="184" frameHeight="184"/>
    <SubTexture name="nav_pink_06" x="696" y="992" width="276" height="276"/>
    <SubTexture name="nav_purple_01" x="766" y="1" width="68" height="68" frameX="-58" frameY="-59" frameWidth="184" frameHeight="184"/>
    <SubTexture name="nav_purple_02" x="1" y="1" width="52" height="52" frameX="-66" frameY="-67" frameWidth="184" frameHeight="184"/>
    <SubTexture name="nav_purple_03" x="476" y="185" width="94" height="114" frameX="-53" frameY="-36" frameWidth="184" frameHeight="184"/>
    <SubTexture name="nav_purple_04" x="191" y="185" width="94" height="114" frameX="-36" frameY="-36" frameWidth="184" frameHeight="184"/>
    <SubTexture name="nav_purple_05" x="476" y="300" width="114" height="94" frameX="-36" frameY="-53" frameWidth="184" frameHeight="184"/>
    <SubTexture name="nav_purple_06" x="278" y="1546" width="276" height="276"/>
    <SubTexture name="nav_red_01" x="628" y="1" width="68" height="68" frameX="-58" frameY="-59" frameWidth="184" frameHeight="184"/>
    <SubTexture name="nav_red_02" x="213" y="1" width="52" height="52" frameX="-66" frameY="-67" frameWidth="184" frameHeight="184"/>
    <SubTexture name="nav_red_03" x="286" y="185" width="94" height="114" frameX="-53" frameY="-36" frameWidth="184" frameHeight="184"/>
    <SubTexture name="nav_red_04" x="96" y="185" width="94" height="114" frameX="-36" frameY="-36" frameWidth="184" frameHeight="184"/>
    <SubTexture name="nav_red_05" x="706" y="300" width="114" height="94" frameX="-36" frameY="-53" frameWidth="184" frameHeight="184"/>
    <SubTexture name="nav_red_06" x="1" y="1546" width="276" height="276"/>
    <SubTexture name="nav_yellow_01" x="559" y="1" width="68" height="68" frameX="-58" frameY="-59" frameWidth="184" frameHeight="184"/>
    <SubTexture name="nav_yellow_02" x="160" y="1" width="52" height="52" frameX="-66" frameY="-67" frameWidth="184" frameHeight="184"/>
    <SubTexture name="nav_yellow_03" x="381" y="185" width="94" height="114" frameX="-53" frameY="-36" frameWidth="184" frameHeight="184"/>
    <SubTexture name="nav_yellow_04" x="666" y="185" width="94" height="114" frameX="-36" frameY="-36" frameWidth="184" frameHeight="184"/>
    <SubTexture name="nav_yellow_05" x="116" y="415" width="114" height="94" frameX="-36" frameY="-53" frameWidth="184" frameHeight="184"/>
    <SubTexture name="nav_yellow_06" x="555" y="1269" width="276" height="276"/>
    <SubTexture name="rot01" x="186" y="785" width="184" height="184"/>
    <SubTexture name="rot02" x="750" y="415" width="184" height="184"/>
    <SubTexture name="rot03" x="1" y="600" width="184" height="184"/>
    <SubTexture name="rot04" x="1" y="785" width="184" height="184"/>
    <SubTexture name="rot05" x="371" y="785" width="184" height="184"/>
    <SubTexture name="rot06" x="556" y="785" width="184" height="184"/>
    <SubTexture name="rot07" x="741" y="600" width="184" height="184"/>
    <SubTexture name="rot08" x="556" y="600" width="184" height="184"/>
    <SubTexture name="rot09" x="371" y="600" width="184" height="184"/>
    <SubTexture name="rot10" x="186" y="600" width="184" height="184"/>
</TextureAtlas>
