<?xml version="1.0" encoding="UTF-8"?>
<!-- Created with TexturePacker http://texturepacker.com-->
<!-- $TexturePacker:SmartUpdate:f6492919caa5cdfeb66e800108826415$ -->
<TextureAtlas imagePath="levelSelect.png">
    <SubTexture name="lvl-bar1" x="1" y="1" width="240" height="244"/>
    <SubTexture name="lvl-bar10" x="242" y="1" width="240" height="244"/>
    <SubTexture name="lvl-bar11" x="483" y="1" width="240" height="244"/>
    <SubTexture name="lvl-bar12" x="724" y="1" width="240" height="244"/>
    <SubTexture name="lvl-bar13" x="1" y="246" width="240" height="244"/>
    <SubTexture name="lvl-bar14" x="242" y="246" width="240" height="244"/>
    <SubTexture name="lvl-bar15" x="483" y="246" width="240" height="244"/>
    <SubTexture name="lvl-bar16" x="724" y="246" width="240" height="244"/>
    <SubTexture name="lvl-bar17" x="1" y="491" width="240" height="244"/>
    <SubTexture name="lvl-bar18" x="242" y="491" width="240" height="244"/>
    <SubTexture name="lvl-bar19" x="483" y="491" width="240" height="244"/>
    <SubTexture name="lvl-bar2" x="724" y="491" width="240" height="244"/>
    <SubTexture name="lvl-bar20" x="1" y="736" width="240" height="244"/>
    <SubTexture name="lvl-bar3" x="242" y="736" width="240" height="244"/>
    <SubTexture name="lvl-bar4" x="483" y="736" width="240" height="244"/>
    <SubTexture name="lvl-bar5" x="724" y="736" width="240" height="244"/>
    <SubTexture name="lvl-bar6" x="1" y="981" width="240" height="244"/>
    <SubTexture name="lvl-bar7" x="242" y="981" width="240" height="244"/>
    <SubTexture name="lvl-bar8" x="483" y="981" width="240" height="244"/>
    <SubTexture name="lvl-bar9" x="724" y="981" width="240" height="244"/>
    <SubTexture name="num0" x="1" y="1226" width="60" height="100"/>
    <SubTexture name="num1" x="62" y="1226" width="40" height="98"/>
    <SubTexture name="num2" x="103" y="1226" width="60" height="98"/>
    <SubTexture name="num3" x="164" y="1226" width="60" height="100"/>
    <SubTexture name="num4" x="225" y="1226" width="64" height="98"/>
    <SubTexture name="num5" x="290" y="1226" width="60" height="98"/>
    <SubTexture name="num6" x="351" y="1226" width="60" height="100"/>
    <SubTexture name="num7" x="412" y="1226" width="58" height="98"/>
    <SubTexture name="num8" x="471" y="1226" width="60" height="100"/>
    <SubTexture name="num9" x="532" y="1226" width="60" height="100"/>
    <SubTexture name="numLock" x="593" y="1226" width="78" height="116"/>
    <SubTexture name="pop_01" x="672" y="1226" width="68" height="68"/>
    <SubTexture name="pop_02" x="741" y="1226" width="68" height="68"/>
</TextureAtlas>
