<?xml version="1.0" encoding="UTF-8"?>
<!-- Created with TexturePacker http://www.codeandweb.com/texturepacker-->
<!-- $TexturePacker:SmartUpdate:17b21749a9211bd9bf05ebc381da2e68:1/1$ -->
<TextureAtlas imagePath="uiAtlas.png">
    <SubTexture name="UI_back2" x="1" y="1" width="1766" height="112"/>
    <SubTexture name="UI_hint" x="1" y="114" width="329" height="174"/>
    <SubTexture name="UI_lives" x="331" y="114" width="329" height="174"/>
    <SubTexture name="UI_lives0" x="661" y="114" width="52" height="99" frameX="-6" frameY="-8" frameWidth="64" frameHeight="111"/>
    <SubTexture name="UI_lives1" x="714" y="114" width="38" height="97" frameX="-10" frameY="-9" frameWidth="64" frameHeight="111"/>
    <SubTexture name="UI_lives2" x="753" y="114" width="50" height="99" frameX="-7" frameY="-7" frameWidth="64" frameHeight="111"/>
    <SubTexture name="UI_lives3" x="804" y="114" width="52" height="99" frameX="-5" frameY="-8" frameWidth="64" frameHeight="111"/>
    <SubTexture name="UI_lives4" x="857" y="114" width="54" height="97" frameX="-5" frameY="-9" frameWidth="64" frameHeight="111"/>
    <SubTexture name="UI_lives5" x="912" y="114" width="54" height="97" frameX="-4" frameY="-10" frameWidth="64" frameHeight="111"/>
    <SubTexture name="UI_lives6" x="967" y="114" width="54" height="99" frameX="-5" frameY="-8" frameWidth="64" frameHeight="111"/>
    <SubTexture name="UI_lives7" x="1022" y="114" width="42" height="97" frameX="-10" frameY="-9" frameWidth="64" frameHeight="111"/>
    <SubTexture name="UI_lives8" x="1065" y="114" width="54" height="99" frameX="-4" frameY="-8" frameWidth="64" frameHeight="111"/>
    <SubTexture name="UI_lives9" x="1120" y="114" width="54" height="99" frameX="-5" frameY="-8" frameWidth="64" frameHeight="111"/>
    <SubTexture name="UI_lives_timer" x="1175" y="114" width="144" height="128"/>
    <SubTexture name="UI_lives_unlim" x="1320" y="114" width="329" height="174"/>
    <SubTexture name="UI_menu2" x="1650" y="114" width="208" height="174"/>
    <SubTexture name="UI_move" x="1" y="289" width="329" height="174"/>
    <SubTexture name="UI_top" x="331" y="289" width="1600" height="220"/>
</TextureAtlas>
